Step;Time;Temp;KinEng;PotEng;TotEng;Press;Lx;Density
0;0;297.6972;7098.143;1526.2773;8624.4203;327.31357;64.051305;0.72185304
250;250;302.98866;7224.3099;990.26769;8214.5776;228.72455;64.110283;0.71986266
500;500;297.13363;7084.7056;993.70596;8078.4116;396.28623;64.077097;0.72098173
750;750;297.61689;7096.2282;1106.8468;8203.0749;135.57386;64.005334;0.72340953
1000;1000;295.49082;7045.5352;974.4272;8019.9624;316.45554;64.067325;0.72131167
1250;1250;302.22054;7205.9952;935.02369;8141.0189;228.12651;64.144646;0.71870636
1500;1500;297.44297;7092.0814;873.51831;7965.5998;-83.064326;64.177135;0.71761541
1750;1750;301.91492;7198.7084;955.28406;8153.9924;37.061319;64.12794;0.71926821
2000;2000;294.6918;7026.4839;985.62729;8012.1112;143.43561;64.13288;0.71910203
2250;2250;297.86678;7102.1864;945.60195;8047.7884;153.13084;64.167514;0.71793824
2500;2500;299.62052;7144.0018;889.01548;8033.0173;585.58009;64.044758;0.72207442
2750;2750;290.13651;6917.8698;835.84463;7753.7144;334.28575;63.993754;0.72380233
3000;3000;296.17441;7061.8344;975.45867;8037.2931;165.66571;64.004854;0.72342582
3250;3250;297.42655;7091.6899;985.788;8077.4779;51.589049;64.129937;0.71920103
3500;3500;300.13274;7156.2148;932.37858;8088.5933;269.52787;64.080723;0.72085935
3750;3750;297.07083;7083.2083;992.15753;8075.3659;303.00933;64.108558;0.71992077
4000;4000;294.57242;7023.6373;886.54573;7910.183;360.0583;64.057797;0.7216336
4250;4250;299.71784;7146.3221;924.53958;8070.8617;745.52287;63.88621;0.72746375
4500;4500;294.06386;7011.5116;892.48755;7903.9992;448.07429;64.02574;0.72271807
4750;4750;296.73602;7075.2252;971.92288;8047.1481;48.540872;64.140718;0.71883844
5000;5000;295.91406;7055.6269;1022.8563;8078.4831;102.34369;63.997411;0.72367825
5250;5250;295.91049;7055.5417;904.31717;7959.8589;-11.079381;64.042989;0.72213427
5500;5500;295.752;7051.7627;1071.4973;8123.26;-20.583002;64.074103;0.72108277
5750;5750;294.3793;7019.0328;954.16713;7973.1999;179.55901;64.142658;0.71877319
6000;6000;301.62851;7191.8793;954.89312;8146.7724;213.24145;64.139472;0.71888033
6250;6250;296.00773;7057.8603;935.47655;7993.3368;481.88293;64.061509;0.72150814
6500;6500;302.63341;7215.8395;1036.8413;8252.6808;242.803;64.045294;0.72205631
6750;6750;294.08759;7012.0774;997.87109;8009.9485;248.02269;64.110433;0.71985763
7000;7000;297.78104;7100.1422;1058.4985;8158.6407;135.47767;64.088102;0.72061035
7250;7250;297.24438;7087.3462;1032.2204;8119.5666;328.33354;64.126544;0.71931518
7500;7500;296.59067;7071.7594;1118.924;8190.6835;168.82595;64.187217;0.71727731
7750;7750;297.1938;7086.1402;1079.4425;8165.5827;513.00837;64.170913;0.71782418
8000;8000;297.47914;7092.9439;1049.8136;8142.7575;561.82112;64.179577;0.71753351
8250;8250;300.26257;7159.3104;1027.8297;8187.1401;386.1;64.165679;0.71799984
8500;8500;296.88021;7078.6631;1022.0798;8100.7429;201.46353;64.163436;0.71807515
8750;8750;305.36653;7281.0068;967.07681;8248.0836;282.68447;64.053679;0.72177276
9000;9000;296.72554;7074.9753;947.32111;8022.2964;-3.5729598;64.101261;0.72016668
9250;9250;295.82164;7053.4232;1050.9738;8104.397;168.5842;64.065216;0.72138292
9500;9500;295.45764;7044.744;981.33445;8026.0785;119.06461;64.091338;0.72050121
9750;9750;295.62469;7048.7273;1013.3883;8062.1156;537.1726;64.104465;0.72005868
10000;10000;299.81109;7148.5456;1091.0709;8239.6164;551.57429;64.111402;0.71982497
10250;10250;296.8483;7077.9022;962.7569;8040.6591;330.58753;64.122268;0.71945909
10500;10500;299.48292;7140.7208;1001.2535;8141.9743;409.46738;64.026417;0.72269515
10750;10750;299.9839;7152.666;994.01996;8146.6859;155.19469;64.139933;0.7188648
11000;11000;299.25659;7135.3244;994.98688;8130.3113;29.385698;64.215421;0.71633262
11250;11250;298.35794;7113.8973;939.709;8053.6063;53.941972;64.115801;0.71967683
11500;11500;299.0121;7129.495;891.78237;8021.2774;196.59815;63.955973;0.72508579
11750;11750;297.65516;7097.1407;935.83725;8032.978;569.74633;63.911143;0.7266127
12000;12000;300.50453;7165.0796;876.52823;8041.6078;422.31102;64.094416;0.72039743
12250;12250;299.29527;7136.2465;974.4704;8110.717;114.67428;64.057888;0.72163052
12500;12500;298.69593;7121.9563;889.56369;8011.52;64.678054;63.985431;0.72408482
12750;12750;297.08587;7083.5668;954.97159;8038.5383;28.122221;64.036978;0.72233764
13000;13000;300.23992;7158.7704;1043.6609;8202.4313;-110.29339;64.160053;0.71818873
13250;13250;295.65606;7049.4751;1002.6149;8052.09;44.02987;64.140507;0.71884551
13500;13500;298.94672;7127.936;1063.3621;8191.2981;395.46311;64.053068;0.72179343
13750;13750;292.17965;6966.5853;908.58621;7875.1715;312.74426;64.181949;0.71745396
14000;14000;299.55903;7142.5356;956.85251;8099.3881;227.27482;64.067203;0.72131581
14250;14250;295.27053;7040.2827;993.24801;8033.5307;229.816;63.981122;0.7242311
14500;14500;299.83833;7149.195;848.16657;7997.3616;211.83253;64.044965;0.72206742
14750;14750;297.3507;7089.8813;1008.7862;8098.6675;344.63842;63.995276;0.72375068
15000;15000;292.80187;6981.4213;879.27019;7860.6915;427.89149;64.033944;0.72244032
15250;15250;298.12923;7108.4441;1036.2854;8144.7295;319.05256;64.112461;0.7197893
15500;15500;296.17855;7061.9331;1007.5847;8069.5178;-29.472568;64.111836;0.71981035
15750;15750;297.61096;7096.0867;943.85538;8039.9421;280.56573;63.955503;0.72510178
16000;16000;303.19109;7229.1367;1090.2287;8319.3655;-49.113899;64.076089;0.72101575
16250;16250;295.70712;7050.6927;997.65996;8048.3527;130.17554;64.102111;0.720138
16500;16500;299.72187;7146.4184;1042.7529;8189.1713;143.41115;64.090313;0.72053579
16750;16750;296.7189;7074.8169;878.49881;7953.3157;458.7957;63.958242;0.72500865
17000;17000;300.94802;7175.6541;905.28754;8080.9416;615.46519;63.918863;0.72634945
17250;17250;294.66902;7025.9406;922.27675;7948.2173;441.03324;64.091384;0.72049968
17500;17500;297.57089;7095.1314;1062.6237;8157.7551;309.8836;64.167802;0.71792858
17750;17750;297.12658;7084.5375;1004.6476;8089.1851;108.94888;64.062061;0.72148949
18000;18000;293.49154;6997.8655;962.50399;7960.3695;-24.874722;63.988193;0.72399104
18250;18250;299.43301;7139.5308;931.211;8070.7418;155.55895;64.04788;0.72196884
18500;18500;294.64953;7025.476;785.4156;7810.8916;225.06471;64.014972;0.72308282
18750;18750;299.9588;7152.0675;929.09573;8081.1633;682.61882;63.893673;0.72720886
19000;19000;293.50599;6998.2099;949.41783;7947.6277;186.33271;64.019831;0.7229182
19250;19250;297.27401;7088.0527;1080.916;8168.9687;378.38018;64.068336;0.72127754
19500;19500;297.31258;7088.9723;979.74927;8068.7215;344.61501;64.106157;0.72000168
19750;19750;297.07833;7083.387;1124.5395;8207.9266;16.618945;64.099818;0.7202153
20000;20000;294.92674;7032.0857;974.35049;8006.4362;175.56424;64.01282;0.72315577
20250;20250;301.2858;7183.7079;950.00603;8133.7139;352.23451;63.896282;0.72711979
20500;20500;296.41441;7067.557;846.75314;7914.3101;191.53916;63.945214;0.72545185
20750;20750;299.30707;7136.5281;1015.1826;8151.7107;210.53894;64.035462;0.72238894
21000;21000;297.16998;7085.5723;1006.5996;8092.172;397.37763;64.127045;0.71929834
21250;21250;303.42339;7234.6755;1029.0992;8263.7746;527.02003;64.097342;0.72029875
21500;21500;297.74069;7099.1801;982.15107;8081.3312;494.34594;64.056708;0.72167041
21750;21750;302.02732;7201.3882;933.88201;8135.2702;503.24605;64.090184;0.72054013
22000;22000;297.11878;7084.3516;872.86229;7957.2139;456.5768;63.998762;0.72363242
22250;22250;300.28566;7159.8611;1015.4585;8175.3195;427.02842;63.924902;0.7261436
22500;22500;298.47036;7116.5778;905.72559;8022.3034;27.324918;64.005807;0.72339348
22750;22750;301.03756;7177.7889;877.15069;8054.9396;332.98483;63.934445;0.72581849
23000;23000;304.60417;7262.8294;925.13014;8187.9596;181.45512;64.017207;0.72300712
23250;23250;293.51368;6998.3934;1061.8759;8060.2693;-4.987042;64.201275;0.71680623
23500;23500;295.92436;7055.8723;1139.3446;8195.2169;582.58512;64.026745;0.72268403
23750;23750;300.09825;7155.3924;866.36137;8021.7538;461.4654;63.976818;0.72437728
24000;24000;298.16834;7109.3767;972.67653;8082.0532;448.3177;63.97121;0.72456781
24250;24250;298.56834;7118.9142;923.68172;8042.5959;357.49247;64.04908;0.72192828
24500;24500;301.98338;7200.3405;912.97797;8113.3185;143.79457;63.965219;0.72477143
24750;24750;293.08044;6988.0633;1017.2526;8005.3159;335.5342;63.838866;0.72908344
25000;25000;297.02494;7082.114;874.64647;7956.7604;191.35541;63.991497;0.72387891
25250;25250;299.75398;7147.1839;1034.9975;8182.1814;390.41339;63.959213;0.72497562
25500;25500;297.93477;7103.8076;935.96741;8039.775;365.74966;63.940293;0.72561936
25750;25750;299.83398;7149.0913;1033.1135;8182.2048;339.9512;64.002673;0.72349977
26000;26000;293.58322;7000.0514;1095.2536;8095.305;157.2433;64.038372;0.72229048
26250;26250;299.80246;7148.3399;869.21196;8017.5519;436.62559;63.949444;0.7253079
26500;26500;303.05175;7225.8143;892.77954;8118.5939;451.17253;63.847976;0.72877143
26750;26750;298.69776;7122;851.23545;7973.2355;282.96874;63.990667;0.72390709
27000;27000;301.13785;7180.1803;925.0352;8105.2155;342.13794;64.086725;0.72065683
27250;27250;296.78279;7076.3403;1024.5781;8100.9184;151.48239;64.102344;0.72013015
27500;27500;296.66256;7073.4736;954.36337;8027.8369;423.18468;64.008252;0.72331059
27750;27750;297.66624;7097.4049;1032.8731;8130.278;290.33569;64.056792;0.72166754
28000;28000;297.46003;7092.488;859.90775;7952.3958;276.60539;64.0857;0.72069139
28250;28250;297.72766;7098.8693;1036.7031;8135.5723;344.84419;64.005557;0.72340199
28500;28500;298.23325;7110.9244;854.06415;7964.9885;540.59001;63.959471;0.72496684
28750;28750;301.02537;7177.4983;958.1129;8135.6112;653.22035;63.871895;0.72795297
29000;29000;295.2606;7040.046;887.83254;7927.8785;543.01712;63.890151;0.72732915
29250;29250;299.37005;7138.0297;995.12001;8133.1497;266.81704;64.078327;0.72094021
29500;29500;297.67431;7097.5972;1003.2874;8100.8846;206.29155;64.08925;0.72057165
29750;29750;301.85753;7197.34;893.13366;8090.4736;343.5719;64.031655;0.72251779
30000;30000;292.36059;6970.8996;956.80078;7927.7004;-380.73858;64.045692;0.72204284
30250;30250;300.91393;7174.8412;991.36423;8166.2054;-172.20689;63.985494;0.72408266
30500;30500;294.65789;7025.6753;973.48036;7999.1557;303.4163;64.036787;0.72234411
30750;30750;297.54151;7094.4309;997.89241;8092.3233;495.06834;64.104779;0.72004809
31000;31000;297.08825;7083.6235;1076.0746;8159.698;553.54889;64.175315;0.71767648
31250;31250;293.36218;6994.7809;1028.5677;8023.3486;601.19091;64.078541;0.72093298
31500;31500;301.43872;7187.354;993.9614;8181.3154;507.80365;63.925661;0.72611776
31750;31750;295.63704;7049.0216;893.31678;7942.3383;293.33464;63.989437;0.72394884
32000;32000;298.70404;7122.1498;1025.1039;8147.2537;31.698841;64.113789;0.71974459
32250;32250;307.4294;7330.1928;1093.4857;8423.6785;76.658787;64.183292;0.71740891
32500;32500;299.78768;7147.9874;929.35543;8077.3428;125.18938;64.209079;0.71654491
32750;32750;300.52225;7165.5021;963.85614;8129.3582;349.83025;63.996043;0.72372465
33000;33000;297.07844;7083.3897;887.40035;7970.79;167.93891;64.055534;0.72171009
33250;33250;297.72685;7098.85;1059.2557;8158.1057;-177.0515;64.183612;0.71739818
33500;33500;296.7264;7074.9959;996.82875;8071.8246;13.461782;64.171426;0.71780697
33750;33750;300.45639;7163.9318;1048.7901;8212.7219;175.78752;64.083164;0.72077695
34000;34000;294.13338;7013.1692;1039.8571;8053.0263;455.1831;64.068469;0.72127305
34250;34250;298.94595;7127.9176;951.39656;8079.3142;444.2709;64.037143;0.72233207
34500;34500;301.1603;7180.7155;959.87608;8140.5916;691.31167;64.010646;0.72322946
34750;34750;295.47522;7045.1632;967.76495;8012.9281;402.69458;64.049643;0.72190921
35000;35000;298.50194;7117.3308;1072.2839;8189.6147;108.52478;64.078368;0.7209388
35250;35250;296.72433;7074.9465;918.15637;7993.1029;18.407415;64.107078;0.71997064
35500;35500;296.57542;7071.3958;1052.0248;8123.4206;319.03775;63.998451;0.72364295
35750;35750;300.18798;7157.532;972.38197;8129.9139;200.24996;64.031054;0.72253815
36000;36000;298.11605;7108.1299;940.70534;8048.8353;318.82699;64.037415;0.72232285
36250;36250;299.56518;7142.6822;1035.0465;8177.7288;173.86404;64.035285;0.72239493
36500;36500;296.354;7066.1166;972.12642;8038.243;305.17109;64.153124;0.71842146
36750;36750;299.98962;7152.8024;1068.9655;8221.7679;524.92556;64.178759;0.71756092
37000;37000;295.8897;7055.046;948.25538;8003.3014;524.55894;64.041022;0.72220082
37250;37250;297.79387;7100.4481;938.09186;8038.54;517.37382;63.849656;0.72871391
37500;37500;300.71827;7170.176;967.04026;8137.2163;106.94697;64.057898;0.72163017
37750;37750;296.6304;7072.7067;896.97837;7969.6851;0.41164588;64.155503;0.71834154
38000;38000;303.30558;7231.8665;889.85683;8121.7234;419.64163;63.991806;0.72386842
38250;38250;294.85293;7030.3258;891.11623;7921.442;-156.84257;64.04167;0.72217888
38500;38500;298.69358;7121.9002;987.37847;8109.2787;198.09626;64.102917;0.72011086
38750;38750;297.06453;7083.0579;1040.4526;8123.5106;237.34906;64.113585;0.71975146
39000;39000;294.8032;7029.14;968.36832;7997.5083;317.79006;64.103472;0.72009214
39250;39250;300.8526;7173.3788;979.40169;8152.7805;229.93259;64.154284;0.71838251
39500;39500;297.31162;7088.9494;946.52603;8035.4755;444.69609;64.147312;0.71861675
39750;39750;297.47097;7092.749;1058.654;8151.4029;272.38302;64.116802;0.71964313
40000;40000;294.27765;7016.609;938.42222;7955.0312;297.26366;64.043308;0.72212347
40250;40250;304.88306;7269.479;936.69934;8206.1783;240.7966;63.998747;0.72363294
40500;40500;298.96328;7128.3309;879.81189;8008.1428;96.279621;64.031639;0.72251834
40750;40750;300.09238;7155.2526;949.24909;8104.5017;263.38727;63.979234;0.72429522
41000;41000;295.75158;7051.7528;1048.9459;8100.6987;218.72494;64.006287;0.72337724
41250;41250;294.66875;7025.9342;1059.3372;8085.2714;190.02628;64.205979;0.7166487
41500;41500;301.77921;7195.4725;1001.6945;8197.167;-102.39438;64.218735;0.71622174
41750;41750;298.22956;7110.8365;959.10285;8069.9393;239.78886;64.094039;0.72041012
42000;42000;296.54318;7070.6272;1076.0556;8146.6828;188.73465;64.130591;0.71917901
42250;42250;293.9091;7007.8216;995.08165;8002.9032;473.96332;64.073613;0.72109933
42500;42500;299.07309;7130.949;935.14527;8066.0943;620.00425;63.916118;0.72644305
42750;42750;295.14021;7037.1756;904.23158;7941.4071;521.85564;63.919951;0.72631235
43000;43000;297.72315;7098.7617;946.65648;8045.4182;387.26814;64.054872;0.72173243
43250;43250;297.81574;7100.9695;1009.9367;8110.9062;454.37481;64.170575;0.71783552
43500;43500;296.72869;7075.0504;1039.7645;8114.8149;269.3249;64.056277;0.72168494
43750;43750;297.64985;7097.0141;891.69213;7988.7062;64.309073;64.034066;0.72243621
44000;44000;301.01841;7177.3324;1000.1587;8177.4911;-103.70781;64.087396;0.72063416
44250;44250;300.35286;7161.4633;978.83134;8140.2946;-445.26471;64.131478;0.71914917
44500;44500;295.42644;7044.0001;954.84494;7998.8451;-210.37889;64.129771;0.7192066
44750;44750;296.65051;7073.1862;1013.7448;8086.931;-25.865583;64.025261;0.72273428
45000;45000;301.05379;7178.176;982.3951;8160.5711;351.43645;64.097662;0.720288
45250;45250;294.93314;7032.2381;965.86845;7998.1065;226.97572;64.071178;0.72118153
45500;45500;297.13017;7084.623;1015.1486;8099.7715;488.2137;63.975152;0.72443387
45750;45750;296.67075;7073.6689;904.29848;7977.9674;351.43832;63.932835;0.72587333
46000;46000;303.29391;7231.5883;939.024;8170.6123;404.39581;63.982729;0.72417654
46250;46250;298.09453;7107.6168;915.36145;8022.9783;235.49721;64.079689;0.72089421
46500;46500;300.46004;7164.0188;1094.7519;8258.7707;197.64493;64.064263;0.72141511
46750;46750;300.82447;7172.7082;955.17689;8127.8851;-39.397292;64.097238;0.72030226
47000;47000;297.41067;7091.3111;1023.4597;8114.7708;246.35783;64.035993;0.72237098
47250;47250;301.64561;7192.287;997.13833;8189.4253;147.50973;64.102397;0.72012837
47500;47500;293.61283;7000.7573;1030.3324;8031.0897;229.51191;64.018129;0.72297586
47750;47750;300.36824;7161.83;1109.5762;8271.4062;403.58938;63.910011;0.72665131
48000;48000;298.66459;7121.2091;962.32583;8083.5349;502.9141;64.068951;0.72125675
48250;48250;305.23418;7277.8511;979.65686;8257.5079;551.51581;64.211263;0.71647179
48500;48500;295.60688;7048.3026;985.97226;8034.2748;405.9851;64.018592;0.72296019
48750;48750;298.61794;7120.0968;1014.997;8135.0938;622.21568;63.8994;0.72701335
49000;49000;296.70093;7074.3884;893.42906;7967.8175;111.62717;64.004002;0.72345472
49250;49250;298.78333;7124.0401;1030.4224;8154.4625;-75.213722;64.101367;0.72016308
49500;49500;295.46788;7044.9883;999.22693;8044.2152;192.60603;64.027887;0.72264536
49750;49750;304.52287;7260.891;959.65782;8220.5488;116.73134;63.971537;0.7245567
50000;50000;296.11511;7060.4206;932.33286;7992.7535;615.66281;63.8929;0.72723527
50250;50250;295.96613;7056.8683;881.9285;7938.7968;443.19745;63.959994;0.72494907
50500;50500;295.49871;7045.7233;1095.4014;8141.1247;396.6328;64.06383;0.72142972
50750;50750;299.49571;7141.0259;1026.831;8167.8569;389.45891;64.072217;0.72114645
51000;51000;293.50391;6998.1604;964.08255;7962.243;465.3738;63.970365;0.72459653
51250;51250;305.26909;7278.6834;946.96667;8225.6501;444.00442;63.93009;0.72596684
51500;51500;297.61485;7096.1797;871.78107;7967.9607;127.82051;64.050433;0.7218825
51750;51750;300.13885;7156.3606;1006.1162;8162.4768;298.72591;63.991066;0.72389355
52000;52000;297.67199;7097.542;813.75787;7911.2999;118.75494;63.944916;0.72546199
52250;52250;297.56985;7095.1065;925.44834;8020.5549;177.82907;63.853343;0.72858768
52500;52500;299.64625;7144.6152;1029.7078;8174.323;141.2533;63.912271;0.72657423
52750;52750;297.91894;7103.4301;1004.0214;8107.4515;259.46344;64.110022;0.71987147
53000;53000;299.72317;7146.4494;1043.0153;8189.4647;553.06028;64.008996;0.72328539
53250;53250;297.18373;7085.9002;882.81192;7968.7121;460.00517;63.889167;0.72736276
53500;53500;295.82381;7053.4749;1037.6427;8091.1176;206.7673;63.896495;0.72711253
53750;53750;296.64485;7073.0513;985.45457;8058.5059;76.869348;63.973767;0.72448094
54000;54000;298.77048;7123.7338;1006.6523;8130.3861;121.4574;64.020355;0.72290045
54250;54250;304.12039;7251.2943;1114.3496;8365.6439;104.34487;64.123536;0.71941643
54500;54500;297.36539;7090.2316;1038.8058;8129.0373;361.02358;64.142873;0.71876599
54750;54750;295.04655;7034.9422;988.83435;8023.7766;448.22052;63.975739;0.72441394
55000;55000;303.64901;7240.055;839.38502;8079.4401;812.82941;63.909539;0.72666741
55250;55250;297.63973;7096.7727;952.53732;8049.31;321.14237;64.001421;0.72354224
55500;55500;300.39372;7162.4375;1120.9526;8283.3901;228.43892;64.040471;0.72221944
55750;55750;298.95015;7128.0179;938.79736;8066.8152;83.186191;64.10469;0.72005111
56000;56000;300.33907;7161.1345;905.80661;8066.9411;113.54119;64.026731;0.72268452
56250;56250;296.79752;7076.6916;925.61245;8002.3041;172.19232;63.87795;0.72774598
56500;56500;291.73144;6955.8984;886.33723;7842.2356;13.263456;63.896969;0.72709634
56750;56750;295.57481;7047.5378;1024.4338;8071.9716;270.39475;63.965734;0.7247539
57000;57000;303.07628;7226.3991;873.77392;8100.173;402.14659;64.014278;0.72310635
57250;57250;295.51644;7046.146;880.90133;7927.0473;239.67104;64.032565;0.722487
57500;57500;295.63615;7049.0004;1112.4199;8161.4203;434.20001;64.05997;0.72156014
57750;57750;293.19071;6990.6925;969.94958;7960.6421;223.4214;64.116806;0.71964297
58000;58000;301.04188;7177.892;828.16615;8006.0581;592.67049;63.910183;0.72664545
58250;58250;297.3498;7089.8598;858.27885;7948.1386;354.96658;63.887309;0.72742621
58500;58500;301.09743;7179.2165;949.707;8128.9235;28.241444;64.101105;0.72017193
58750;58750;293.50366;6998.1545;998.80899;7996.9635;-108.03043;64.076288;0.72100904
59000;59000;303.92178;7246.5588;955.62371;8202.1825;58.78918;63.946905;0.72539431
59250;59250;297.16849;7085.5368;939.69976;8025.2366;214.0956;64.095974;0.72034487
59500;59500;301.35317;7185.3142;989.15068;8174.4649;228.79619;64.083;0.72078249
59750;59750;296.25468;7063.7484;952.16238;8015.9108;145.15492;63.96037;0.72493626
60000;60000;297.79565;7100.4904;892.33889;7992.8293;245.6328;63.920251;0.72630213
60250;60250;296.68403;7073.9856;1025.3899;8099.3755;260.20317;64.017334;0.72300279
60500;60500;293.50988;6998.3026;927.42547;7925.7281;63.310656;64.195361;0.71700437
60750;60750;301.52348;7189.375;969.81246;8159.1874;459.16669;64.072566;0.72113467
61000;61000;297.12761;7084.5619;917.25944;8001.8214;311.44259;63.945359;0.72544692
61250;61250;295.98662;7057.3568;988.01998;8045.3767;112.06282;63.982169;0.72419557
61500;61500;296.37706;7066.6662;1014.8457;8081.5119;425.62687;64.057681;0.72163751
61750;61750;302.88965;7221.9492;1049.4189;8271.3682;-62.838633;64.084801;0.72072174
62000;62000;294.93522;7032.2877;1065.5819;8097.8696;-112.34747;64.021202;0.72287178
62250;62250;298.63605;7120.5286;957.61232;8078.1409;63.83818;63.963455;0.72483138
62500;62500;295.78615;7052.577;906.03784;7958.6148;337.76686;63.867506;0.72810308
62750;62750;303.14161;7227.9568;810.4719;8038.4287;211.54548;63.955207;0.72511187
63000;63000;298.54986;7118.4735;766.08115;7884.5547;354.03482;63.98718;0.72402545
63250;63250;298.83459;7125.2623;964.30061;8089.5629;41.549735;63.845221;0.72886577
63500;63500;294.38711;7019.2189;872.15811;7891.377;57.603379;63.903717;0.72686604
63750;63750;294.6227;7024.8363;933.55436;7958.3906;-179.43647;63.861411;0.72831155
64000;64000;302.24204;7206.508;912.53575;8119.0438;238.25377;63.988377;0.72398482
64250;64250;294.1728;7014.1091;923.7454;7937.8545;426.59264;64.029003;0.72260758
64500;64500;296.99024;7081.2867;1049.0861;8130.3728;570.85479;63.95848;0.72500054
64750;64750;298.63565;7120.519;813.28083;7933.7999;315.57868;63.94616;0.72541967
65000;65000;304.67096;7264.4218;913.89946;8178.3213;212.65835;63.916911;0.726416
65250;65250;298.9236;7127.3847;863.06518;7990.4499;182.60065;63.94031;0.72561878
65500;65500;300.20427;7157.9203;909.60844;8067.5287;-259.21356;63.928168;0.72603234
65750;65750;299.68886;7145.6313;934.78408;8080.4153;212.41401;63.903691;0.72686694
66000;66000;300.23812;7158.7275;836.60816;7995.3357;164.32156;64.042618;0.72214683
66250;66250;303.78746;7243.3562;986.16031;8229.5166;513.15912;64.076846;0.7209902
66500;66500;300.87337;7173.8741;982.87968;8156.7538;477.60934;64.057531;0.72164257
66750;66750;295.12934;7036.9163;971.32513;8008.2415;233.7995;63.959597;0.72496256
67000;67000;304.66713;7264.3305;938.29462;8202.6252;57.763019;63.978241;0.72432896
67250;67250;296.84555;7077.8367;947.40201;8025.2387;80.165704;63.982489;0.72418471
67500;67500;296.67425;7073.7525;1060.1627;8133.9151;270.59275;64.017138;0.72300945
67750;67750;294.32203;7017.6673;907.28711;7924.9544;119.82711;64.072629;0.72113256
68000;68000;298.07002;7107.0325;959.10484;8066.1373;513.16924;63.781298;0.73105941
68250;68250;295.17459;7037.9953;837.13197;7875.1273;127.40985;63.912041;0.72658206
68500;68500;296.31713;7065.2374;903.0635;7968.3009;120.15557;63.976609;0.72438438
68750;68750;293.51912;6998.5229;1022.1344;8020.6573;121.8944;63.920503;0.72629355
69000;69000;300.10059;7155.4482;1060.1501;8215.5983;166.40934;64.040511;0.72221811
69250;69250;293.15931;6989.9439;1072.2167;8062.1606;447.45973;64.10826;0.71993081
69500;69500;299.9044;7150.7704;972.89058;8123.661;311.46866;64.016058;0.72304605
69750;69750;294.06878;7011.6289;906.95746;7918.5863;199.95915;63.937308;0.72572102
70000;70000;303.88364;7245.6495;846.22647;8091.8759;-20.576308;63.881094;0.72763856
70250;70250;297.68919;7097.952;924.5595;8022.5115;-283.27897;63.931439;0.72592088
70500;70500;299.02436;7129.7871;891.48385;8021.271;-55.830644;63.929959;0.72597131
70750;70750;299.41691;7139.1469;926.9268;8066.0737;260.71901;63.918846;0.72635004
71000;71000;295.11121;7036.484;942.11076;7978.5947;698.8429;63.938282;0.72568783
71250;71250;296.55885;7071.0009;991.86112;8062.862;511.38342;64.003396;0.72347526
71500;71500;296.49641;7069.5121;846.7219;7916.234;399.12942;63.951611;0.72523417
71750;71750;296.1616;7061.529;969.43099;8030.9599;225.15644;63.828473;0.72943965
72000;72000;294.96178;7032.9211;988.12374;8021.0449;-376.05726;64.046744;0.72200727
72250;72250;299.83543;7149.1259;1041.7031;8190.829;-231.32192;64.12017;0.71952973
72500;72500;297.06291;7083.0194;870.59247;7953.6118;8.5731649;63.955725;0.72509423
72750;72750;297.9435;7104.0156;967.56695;8071.5826;453.54949;63.943376;0.72551444
73000;73000;297.44737;7092.1863;902.7434;7994.9297;401.02895;63.964976;0.72477969
73250;73250;300.22035;7158.3037;1101.6202;8259.9239;299.9233;64.002361;0.72351035
73500;73500;297.59728;7095.7605;1001.7055;8097.4661;-338.04739;64.148484;0.71857739
73750;73750;300.59361;7167.2035;1018.3868;8185.5903;28.713135;64.042367;0.72215533
74000;74000;305.10454;7274.7599;1072.8767;8347.6366;375.94991;64.041661;0.7221792
74250;74250;297.60154;7095.8622;987.0213;8082.8835;288.56796;64.110876;0.71984268
74500;74500;305.10006;7274.6533;995.99173;8270.645;640.60056;64.008357;0.72330705
74750;74750;295.58904;7047.877;959.05789;8006.9349;349.50332;63.979556;0.72428429
75000;75000;299.62426;7144.091;951.7788;8095.8698;74.114606;63.892123;0.72726181
75250;75250;298.77397;7123.817;767.3487;7891.1657;-69.64316;63.919722;0.72632015
75500;75500;303.60797;7239.0765;877.05884;8116.1354;-428.64649;63.987155;0.72402629
75750;75750;294.67877;7026.1732;906.66044;7932.8336;102.9328;63.886301;0.72746065
76000;76000;298.6043;7119.7716;989.81933;8109.5909;315.79073;63.886647;0.72744883
76250;76250;299.68269;7145.4841;824.18018;7969.6643;523.86373;63.888733;0.72737757
76500;76500;301.17872;7181.1546;961.1276;8142.2822;578.79354;63.884372;0.72752656
76750;76750;298.29791;7112.4661;898.25062;8010.7168;546.15065;63.941926;0.72556378
77000;77000;297.04338;7082.5537;1016.5653;8099.119;17.24574;64.083054;0.72078067
77250;77250;296.87162;7078.4585;989.16574;8067.6242;144.27467;64.006883;0.72335702
77500;77500;296.48436;7069.2248;969.58157;8038.8063;250.62604;63.940969;0.72559635
77750;77750;299.12016;7132.0714;940.15069;8072.2221;258.32504;63.956056;0.72508298
78000;78000;290.79788;6933.6392;957.68771;7891.3269;168.82325;63.988467;0.72398176
78250;78250;301.20409;7181.7595;929.12916;8110.8887;30.034478;63.932602;0.72588128
78500;78500;295.9197;7055.7612;909.71737;7965.4786;-140.52248;64.003606;0.72346814
78750;78750;300.35278;7161.4614;1013.5715;8175.0329;-165.38074;64.024088;0.722774
79000;79000;295.46758;7044.981;944.43242;7989.4134;34.669158;63.988262;0.72398872
79250;79250;295.66896;7049.7827;992.39316;8042.1759;275.93192;63.95923;0.72497504
79500;79500;298.21234;7110.4258;1028.0301;8138.4559;445.62306;64.067706;0.72129879
79750;79750;298.82657;7125.0713;935.26304;8060.3343;257.39983;64.056536;0.7216762
80000;80000;298.12815;7108.4183;954.68374;8063.102;130.77594;63.924281;0.72616479
80250;80250;299.44695;7139.8633;954.31656;8094.1798;-149.22989;63.980673;0.72424634
80500;80500;297.22537;7086.8931;959.99885;8046.8919;90.769944;64.005938;0.72338905
80750;80750;293.53647;6998.9366;1109.3123;8108.2489;633.92469;63.988693;0.72397409
81000;81000;297.37223;7090.3947;932.31338;8022.7081;520.79183;64.072718;0.72112956
81250;81250;300.80615;7172.2712;973.42696;8145.6982;516.41191;64.010911;0.72322046
81500;81500;298.64498;7120.7415;935.40576;8056.1473;486.35366;64.000479;0.72357419
81750;81750;287.64685;6858.5076;941.93516;7800.4428;-112.16132;64.136622;0.71897616
82000;82000;298.54501;7118.3578;1007.0377;8125.3956;-267.68167;64.079659;0.72089525
82250;82250;296.63121;7072.7262;902.51489;7975.2411;156.59503;63.931361;0.72592355
82500;82500;300.69875;7169.7105;975.54111;8145.2516;21.110981;63.983372;0.7241547
82750;82750;294.98741;7033.5322;887.12335;7920.6556;309.60057;64.040339;0.72222392
83000;83000;298.59604;7119.5746;1031.641;8151.2157;216.43;64.095979;0.72034472
83250;83250;296.92144;7079.6462;1025.9661;8105.6123;233.57228;64.171758;0.71779583
83500;83500;295.31069;7041.2403;1028.7461;8069.9864;228.12265;64.162606;0.71810302
83750;83750;298.72551;7122.6616;1047.0364;8169.698;30.5881;64.200178;0.71684298
84000;84000;295.25978;7040.0264;1045.339;8085.3654;323.06182;64.045468;0.72205042
84250;84250;303.50881;7236.7123;1031.8054;8268.5176;367.88578;63.977391;0.72435784
84500;84500;298.88656;7126.5016;898.80175;8025.3033;-4.1025798;64.204066;0.71671277
84750;84750;299.43742;7139.636;1068.9368;8208.5728;483.59835;64.185188;0.71734533
85000;85000;298.54502;7118.358;973.16666;8091.5246;160.38072;64.094668;0.72038891
85250;85250;299.28289;7135.9514;1034.0256;8169.977;305.96809;64.126828;0.71930563
85500;85500;294.5448;7022.9788;911.17345;7934.1523;563.32967;64.100909;0.72017854
85750;85750;299.41078;7139.0008;974.58086;8113.5817;643.00513;64.036787;0.7223441
86000;86000;300.6293;7168.0546;1062.554;8230.6086;393.04177;64.082607;0.72079576
86250;86250;296.62537;7072.5868;931.26112;8003.8479;271.55643;64.028436;0.72262678
86500;86500;299.09609;7131.4976;993.71342;8125.211;112.80861;63.925625;0.72611896
86750;86750;297.58378;7095.4388;914.90912;8010.3479;-62.17081;64.087816;0.72062
87000;87000;301.59492;7191.0783;966.72591;8157.8042;144.86152;64.094694;0.72038805
87250;87250;298.51118;7117.5511;933.31477;8050.8658;194.01659;63.894573;0.72717813
87500;87500;294.6662;7025.8734;758.36916;7784.2426;307.06461;63.834793;0.72922303
87750;87750;294.00911;7010.2062;834.89518;7845.1014;522.7;63.895663;0.72714092
88000;88000;300.23956;7158.7618;929.78314;8088.545;634.72134;63.991475;0.72387966
88250;88250;300.58777;7167.0644;745.88336;7912.9478;363.50123;64.038505;0.72228597
88500;88500;296.83873;7077.6742;1051.5335;8129.2077;136.72445;64.004823;0.72342686
88750;88750;295.54681;7046.8702;950.88814;7997.7583;141.2833;64.078529;0.72093339
89000;89000;297.56475;7094.9851;1092.7479;8187.733;-198.23419;64.252098;0.71510661
89250;89250;299.80269;7148.3452;985.97996;8134.3252;390.71043;64.142792;0.71876871
89500;89500;297.84222;7101.6009;843.66882;7945.2697;730.19991;63.972822;0.72451304
89750;89750;299.66503;7145.063;1033.6678;8178.7308;554.24884;64.039178;0.7222632
90000;90000;295.21254;7038.9001;966.42092;8005.321;345.68466;64.153138;0.718421
90250;90250;298.15788;7109.1274;1071.2625;8180.3898;350.7641;63.986918;0.72403433
90500;90500;299.20098;7133.9984;1053.6861;8187.6845;243.6315;64.058576;0.72160727
90750;90750;299.63336;7144.308;892.12136;8036.4293;256.62126;64.082911;0.72078551
91000;91000;297.23085;7087.0237;1053.0247;8140.0484;9.8826508;64.062978;0.72145852
91250;91250;296.39539;7067.1033;933.10177;8000.2051;194.0283;64.075205;0.72104557
91500;91500;302.5254;7213.2644;943.94607;8157.2104;56.425304;64.077628;0.72096379
91750;91750;296.50054;7069.6105;920.22976;7989.8402;215.67443;64.032819;0.72247841
92000;92000;301.84888;7197.1336;1000.6967;8197.8303;117.41208;63.988599;0.72397725
92250;92250;294.59536;7024.1843;1047.3622;8071.5465;76.579989;64.117036;0.71963523
92500;92500;296.799;7076.7268;1122.3548;8199.0816;478.74186;64.181982;0.71745284
92750;92750;300.58779;7167.0649;982.97576;8150.0407;543.01813;64.165063;0.71802052
93000;93000;295.90757;7055.472;1069.5617;8125.0337;589.07778;64.169368;0.71787603
93250;93250;298.74158;7123.0447;1113.3417;8236.3864;272.63665;64.123448;0.71941936
93500;93500;293.34137;6994.2849;1041.9971;8036.282;237.98176;64.040878;0.72220569
93750;93750;299.21125;7134.2433;974.45544;8108.6987;-286.63476;64.058419;0.72161256
94000;94000;298.6652;7121.2236;931.7628;8052.9864;113.14729;63.99133;0.72388457
94250;94250;294.68119;7026.2308;1017.3198;8043.5506;213.97647;64.042196;0.72216111
94500;94500;297.19824;7086.2461;905.34056;7991.5866;440.07852;64.086211;0.72067416
94750;94750;298.36959;7114.1751;981.92077;8096.0959;301.90324;64.014635;0.72309426
95000;95000;295.4367;7044.2449;892.05625;7936.3012;250.90344;64.009326;0.72327419
95250;95250;301.06141;7178.3575;945.29186;8123.6494;285.96859;64.003655;0.72346648
95500;95500;295.13502;7037.0517;903.78133;7940.833;263.30653;64.06265;0.7214696
95750;95750;298.31966;7112.9848;1063.6592;8176.644;393.66774;64.007561;0.72333402
96000;96000;295.67248;7049.8666;920.91085;7970.7774;378.40347;64.039444;0.72225421
96250;96250;300.00005;7153.051;1006.1778;8159.2288;623.84149;64.064969;0.72139125
96500;96500;297.28426;7088.2971;1014.9043;8103.2014;566.96644;64.117092;0.71963335
96750;96750;301.52043;7189.3022;936.80023;8126.1024;183.77436;64.098857;0.72024768
97000;97000;299.08918;7131.3327;917.13727;8048.47;266.78309;63.972502;0.72452392
97250;97250;292.14602;6965.7835;979.61297;7945.3964;248.64546;63.971058;0.72457297
97500;97500;298.4716;7116.6074;973.26252;8089.8699;263.77013;64.067553;0.72130397
97750;97750;293.2669;6992.5093;975.85285;7968.3621;324.57166;64.029051;0.72260597
98000;98000;298.83939;7125.3769;946.30315;8071.6801;126.53265;63.987909;0.7240007
98250;98250;298.52381;7117.8525;951.30219;8069.1546;381.73011;64.021357;0.72286651
98500;98500;299.67527;7145.3072;1074.4721;8219.7793;215.60136;64.15014;0.71852172
98750;98750;295.17008;7037.8876;1053.0679;8090.9556;371.89992;64.063928;0.72142644
99000;99000;298.36648;7114.101;825.43687;7939.5379;379.27635;64.026018;0.72270866
99250;99250;296.53527;7070.4385;814.03866;7884.4772;284.86124;63.909862;0.72665637
99500;99500;302.30255;7207.9507;836.76332;8044.7141;394.92993;63.901261;0.72694985
99750;99750;296.34529;7065.9089;853.13917;7919.0481;-19.839596;64.048783;0.7219383
100000;100000;299.20554;7134.1071;1048.0712;8182.1783;378.53875;64.060524;0.72154142
100250;100250;295.63194;7048.9001;1032.062;8080.9621;195.17665;64.147219;0.71861988
100500;100500;296.69356;7074.2127;1014.3696;8088.5823;280.44549;64.111449;0.71982339
100750;100750;299.1835;7133.5817;888.49428;8022.076;426.66744;63.976994;0.7243713
101000;101000;298.74187;7123.0517;924.55919;8047.6109;370.14461;64.033498;0.72245543
101250;101250;299.09751;7131.5313;971.15775;8102.6891;140.72746;64.135755;0.71900531
101500;101500;304.34194;7256.5769;1061.1857;8317.7626;349.88384;64.006425;0.72337253
101750;101750;299.26845;7135.6073;893.24233;8028.8496;197.255;63.955419;0.72510464
102000;102000;300.63852;7168.2744;891.10518;8059.3796;-182.82617;63.9497;0.72529921
102250;102250;297.46029;7092.4944;951.60938;8044.1038;212.18021;63.968201;0.72467008
102500;102500;294.97322;7033.1939;993.34701;8026.5409;-36.917716;64.050657;0.72187493
102750;102750;300.89241;7174.328;1043.9852;8218.3132;324.93809;64.043948;0.72210181
103000;103000;294.72803;7027.3476;989.32265;8016.6703;360.446;64.102086;0.72013885
103250;103250;300.74311;7170.7683;988.56998;8159.3383;309.74606;64.065232;0.72138236
103500;103500;300.14185;7156.4322;860.30728;8016.7395;240.23036;63.819698;0.72974059
103750;103750;297.28838;7088.3953;780.07295;7868.4682;158.66321;63.875248;0.72783835
104000;104000;300.55409;7166.2613;958.1068;8124.3681;43.769436;64.062784;0.72146507
104250;104250;295.59924;7048.1203;1001.241;8049.3613;148.09059;64.131674;0.71914257
104500;104500;298.61297;7119.9781;981.47691;8101.455;487.90108;63.981521;0.72421757
104750;104750;297.04437;7082.5773;971.7218;8054.2991;371.50646;63.99013;0.72392531
105000;105000;291.39487;6947.8733;1090.9419;8038.8153;414.85522;64.021438;0.72286378
105250;105250;301.31494;7184.4026;1009.7536;8194.1562;542.76396;64.105141;0.7200359
105500;105500;300.40288;7162.656;936.3404;8098.9964;165.9989;64.171377;0.7178086
105750;105750;297.04132;7082.5045;1104.3693;8186.8739;265.54454;64.160614;0.71816991
106000;106000;297.06958;7083.1785;1012.0208;8095.1993;81.922482;64.147419;0.71861316
106250;106250;301.99533;7200.6256;1061.5526;8262.1782;304.70468;64.087476;0.72063148
106500;106500;296.58629;7071.655;927.22661;7998.8816;42.67778;64.112225;0.71979726
106750;106750;300.41613;7162.972;1032.6488;8195.6207;410.18413;64.023699;0.7227872
107000;107000;301.78929;7195.7129;918.80243;8114.5154;344.60379;64.082074;0.72081376
107250;107250;298.02542;7105.9689;1046.7293;8152.6982;364.33176;64.12541;0.71935336
107500;107500;300.1466;7156.5453;1070.8002;8227.3454;410.90178;64.12877;0.71924027
107750;107750;296.20042;7062.4545;1059.6002;8122.0548;725.72207;64.10263;0.72012051
108000;108000;299.89424;7150.5282;1093.3151;8243.8433;517.60214;64.088629;0.72059258
108250;108250;298.13154;7108.4993;873.72294;7982.2222;467.74934;64.061579;0.72150577
108500;108500;298.82607;7125.0594;1072.4413;8197.5007;214.48394;64.027343;0.7226638
108750;108750;296.98529;7081.1687;860.55462;7941.7233;135.85597;64.084366;0.7207364
109000;109000;298.16968;7109.4087;1016.9704;8126.3791;227.00024;64.015409;0.72306804
109250;109250;294.38704;7019.2173;882.9991;7902.2164;87.370467;64.005257;0.72341214
109500;109500;300.14881;7156.598;922.67385;8079.2718;17.845967;64.007535;0.72333492
109750;109750;298.29792;7112.4663;860.54763;7973.0139;-38.715136;64.050801;0.72187006
110000;110000;299.50151;7141.1642;981.95964;8123.1239;33.017482;64.046177;0.72202644
110250;110250;296.32409;7065.4033;912.73326;7978.1365;190.95713;63.991735;0.72387083
110500;110500;302.36739;7209.4968;893.45205;8102.9488;51.457385;63.998017;0.72365768
110750;110750;297.0126;7081.8198;961.69902;8043.5188;-2.2438465;64.044033;0.72209897
111000;111000;299.59114;7143.3012;930.26362;8073.5648;94.932798;64.056112;0.72169055
111250;111250;296.1467;7061.1738;997.13544;8058.3093;328.98136;63.877409;0.72776447
111500;111500;296.64193;7072.9817;903.51972;7976.5014;-78.321774;63.933794;0.72584066
111750;111750;301.8599;7197.3965;1031.2452;8228.6418;147.49817;64.115525;0.71968612
112000;112000;295.5708;7047.4423;1018.7423;8066.1846;-118.6478;64.164852;0.71802762
112250;112250;298.12822;7108.4202;974.36003;8082.7802;297.83329;63.849404;0.72872252
112500;112500;297.20932;7086.5104;806.39208;7892.9025;514.08172;63.913189;0.72654292
112750;112750;296.64125;7072.9655;949.1943;8022.1598;636.23213;64.017444;0.72299909
113000;113000;294.82934;7029.7633;1127.7268;8157.4901;522.76081;64.051105;0.72185978
113250;113250;294.69941;7026.6654;898.91297;7925.5783;237.1282;64.073974;0.72108715
113500;113500;299.50484;7141.2436;977.09888;8118.3425;269.10396;63.943327;0.72551608
113750;113750;297.26817;7087.9136;949.31716;8037.2307;346.32657;63.980024;0.7242684
114000;114000;297.52643;7094.0712;1012.1558;8106.2271;-139.68548;64.122084;0.7194653
114250;114250;299.3511;7137.5779;932.87625;8070.4541;336.69004;64.073157;0.72111471
114500;114500;294.54497;7022.9829;815.93471;7838.9176;422.22604;63.903846;0.72686162
114750;114750;300.11912;7155.8902;873.45384;8029.344;311.81895;63.913477;0.7265331
115000;115000;295.70174;7050.5643;900.3698;7950.9341;359.95197;63.952061;0.72521887
115250;115250;297.77593;7100.0202;1015.955;8115.9752;158.70952;64.089488;0.7205636
115500;115500;300.30004;7160.204;1011.928;8172.132;34.073901;64.195534;0.71699857
115750;115750;296.70112;7074.3931;922.01995;7996.4131;486.21652;64.040576;0.72221591
116000;116000;298.10547;7107.8776;1029.8492;8137.7267;714.42228;63.958652;0.72499469
116250;116250;293.74352;7003.8734;947.04149;7950.9149;532.68399;64.061763;0.72149958
116500;116500;298.7924;7124.2564;987.11555;8111.372;349.02569;64.063706;0.72143391
116750;116750;292.60132;6976.6394;938.22779;7914.8672;195.74553;64.065567;0.72137106
117000;117000;301.83932;7196.9056;926.40266;8123.3083;-249.13171;64.042543;0.72214935
117250;117250;293.82712;7005.8667;918.52942;7924.3962;-39.001787;63.911014;0.72661709
117500;117500;297.51814;7093.8736;921.34407;8015.2177;70.652423;63.954431;0.72513826
117750;117750;300.1487;7156.5955;977.97085;8134.5663;187.19547;64.098149;0.72027156
118000;118000;295.07265;7035.5646;1069.4509;8105.0155;543.60806;64.03621;0.72236363
118250;118250;297.81622;7100.981;941.65318;8042.6342;637.43148;64.026247;0.72270091
118500;118500;299.28204;7135.9311;893.60026;8029.5314;367.07861;64.000382;0.72357747
118750;118750;301.64623;7192.3018;944.46782;8136.7696;204.32523;64.000526;0.72357259
119000;119000;296.54429;7070.6538;991.20787;8061.8616;427.94164;64.112959;0.71977252
119250;119250;297.852;7101.834;1108.8159;8210.6498;265.3659;64.159497;0.7182074
119500;119500;293.70359;7002.9213;1024.36;8027.2813;488.06124;64.192423;0.71710283
119750;119750;297.41954;7091.5227;1140.0747;8231.5974;560.60145;64.080282;0.72087423
120000;120000;293.92062;7008.0961;1085.7801;8093.8762;252.42081;64.128659;0.71924403
120250;120250;300.5845;7166.9864;942.77029;8109.7567;271.57637;64.059495;0.72157619
120500;120500;300.46261;7164.0802;899.74152;8063.8217;119.28633;63.965178;0.72477282
120750;120750;293.98405;7009.6087;906.68408;7916.2928;189.88515;63.982302;0.72419106
121000;121000;300.36178;7161.6759;961.17666;8122.8526;631.49707;63.982215;0.724194
121250;121250;298.88622;7126.4934;840.33869;7966.8321;322.88225;63.984082;0.72413061
121500;121500;295.75113;7051.742;976.62614;8028.3682;319.79824;63.934341;0.72582204
121750;121750;296.32527;7065.4313;876.58085;7942.0122;96.780675;63.96011;0.72494511
122000;122000;296.19846;7062.4077;1041.5552;8103.9629;144.03996;64.049617;0.7219101
122250;122250;297.61642;7096.2169;963.98969;8060.2066;249.17157;64.061508;0.72150819
122500;122500;301.55342;7190.0887;905.51306;8095.6018;468.56546;64.052621;0.72180855
122750;122750;298.45637;7116.2442;903.64981;8019.894;338.30928;63.985896;0.72406903
123000;123000;299.50491;7141.2451;970.35693;8111.6021;138.45851;64.009167;0.7232796
123250;123250;298.62589;7120.2862;945.31505;8065.6013;19.844537;64.036494;0.72235403
123500;123500;297.38425;7090.6812;1019.0784;8109.7595;311.9971;64.0695;0.72123821
123750;123750;297.86395;7102.1191;1092.5508;8194.6699;29.399599;64.207387;0.71660156
124000;124000;294.21269;7015.0602;880.49867;7895.5588;115.01971;64.080915;0.72085285
124250;124250;300.4343;7163.405;883.85864;8047.2637;631.41484;63.872441;0.72793433
124500;124500;296.13338;7060.8561;849.72292;7910.579;766.27097;63.957146;0.7250459
124750;124750;297.82052;7101.0834;959.55547;8060.6388;465.90981;64.101011;0.7201751
125000;125000;297.78021;7100.1223;1013.1527;8113.275;60.972349;64.085363;0.72070278
125250;125250;301.41947;7186.895;1028.739;8215.6339;-86.823014;64.148578;0.71857421
125500;125500;294.78836;7028.7862;1024.5819;8053.3681;-58.127946;64.142064;0.71879318
125750;125750;298.3894;7114.6476;1012.0519;8126.6995;471.64454;64.021454;0.72286322
126000;126000;299.04866;7130.3667;958.46687;8088.8336;501.51554;64.016749;0.72302261
126250;126250;294.03044;7010.7146;885.45226;7896.1669;309.25371;64.044717;0.72207582
126500;126500;298.74276;7123.0729;964.32512;8087.3981;549.04511;64.046477;0.72201629
126750;126750;298.08875;7107.4789;936.22449;8043.7034;125.88206;64.081734;0.72082522
127000;127000;294.56606;7023.4858;906.81691;7930.3027;63.171959;63.983749;0.7241419
127250;127250;299.71838;7146.3351;954.60081;8100.9359;159.11537;63.996857;0.72369704
127500;127500;292.89251;6983.5825;946.48468;7930.0672;234.22248;63.999479;0.72360809
127750;127750;301.19547;7181.5542;943.59843;8125.1526;455.09476;63.912949;0.72655111
128000;128000;293.56544;6999.6275;926.31815;7925.9457;371.47123;63.975043;0.72443758
128250;128250;298.2521;7111.3739;1050.008;8161.3818;172.56188;64.123264;0.71942557
128500;128500;295.60854;7048.342;1015.5736;8063.9156;247.49791;64.128375;0.71925359
128750;128750;300.8079;7172.3131;1050.9185;8223.2316;270.92197;64.071541;0.72116929
129000;129000;295.29807;7040.9393;1003.3504;8044.2897;308.22839;64.023618;0.72278993
129250;129250;300.05368;7154.3297;1012.7096;8167.0393;460.90525;64.09981;0.72021556
129500;129500;293.54805;6999.2127;1016.8587;8016.0714;389.04208;64.18115;0.71748075
129750;129750;301.73377;7194.389;1024.3962;8218.7852;369.08313;64.008972;0.7232862
130000;130000;299.06156;7130.6742;919.94004;8050.6143;6.6598034;63.991897;0.72386533
130250;130250;296.46094;7068.6663;970.98413;8039.6504;55.352364;64.034164;0.72243288
130500;130500;301.40634;7186.5819;960.27898;8146.8608;386.46455;64.011759;0.72319173
130750;130750;298.70262;7122.1157;830.87248;7952.9882;307.86882;63.953816;0.72515916
131000;131000;300.25953;7159.2379;913.54021;8072.7781;18.447897;63.947375;0.72537832
131250;131250;294.51283;7022.2166;888.57025;7910.7868;126.69949;63.981881;0.72420533
131500;131500;299.08525;7131.239;973.11771;8104.3567;161.10465;63.953788;0.72516012
131750;131750;298.79849;7124.4016;895.8504;8020.252;63.853551;63.99116;0.72389035
132000;132000;301.84089;7196.9431;1020.1209;8217.064;124.84996;64.068999;0.72125514
132250;132250;294.47728;7021.369;954.16377;7975.5328;187.55037;64.047341;0.72198708
132500;132500;303.65782;7240.265;916.99583;8157.2608;417.44404;63.903569;0.72687107
132750;132750;298.14895;7108.9144;932.06012;8040.9746;420.71844;64.037229;0.72232916
133000;133000;295.7682;7052.149;1058.4288;8110.5778;138.79419;64.144159;0.71872273
133250;133250;298.28831;7112.2373;1035.232;8147.4693;359.0221;64.120742;0.71951047
133500;133500;298.02677;7106.0012;990.94086;8096.9421;336.79985;64.04396;0.72210142
133750;133750;294.81857;7029.5065;921.7801;7951.2866;423.42888;63.968868;0.72464738
134000;134000;299.30394;7136.4534;1013.2964;8149.7498;334.74337;64.015407;0.72306811
134250;134250;295.07347;7035.5841;1003.0297;8038.6138;431.26094;64.085078;0.72071239
134500;134500;297.45997;7092.4867;1053.3674;8145.8541;200.40168;64.130723;0.71917456
134750;134750;296.93426;7079.9519;1013.707;8093.6589;96.664194;64.163061;0.71808773
135000;135000;295.88955;7055.0424;935.57155;7990.614;191.48023;64.068973;0.721256
135250;135250;301.96094;7199.8055;984.33337;8184.1388;199.72333;64.119842;0.71954076
135500;135500;294.9501;7032.6427;903.70973;7936.3524;372.66677;64.220213;0.71617229
135750;135750;301.57303;7190.5565;1010.3077;8200.8642;550.19345;64.046036;0.72203122
136000;136000;292.07639;6964.1233;1035.8964;8000.0198;483.33879;64.04904;0.72192963
136250;136250;301.82888;7196.6568;1064.9097;8261.5665;196.87492;64.165734;0.71799799
136500;136500;299.68434;7145.5233;999.24095;8144.7643;143.99162;64.198136;0.7169114
136750;136750;298.54702;7118.4058;1012.9891;8131.395;308.87026;63.993496;0.72381107
137000;137000;296.99024;7081.2867;976.29369;8057.5804;254.33397;63.970464;0.72459316
137250;137250;298.82232;7124.9698;949.76885;8074.7387;152.89383;64.124575;0.71938146
137500;137500;301.5454;7189.8977;1041.8726;8231.7703;95.996859;64.056183;0.72168812
137750;137750;299.33055;7137.0879;823.05157;7960.1394;133.29725;64.056749;0.72166901
138000;138000;301.00785;7177.0806;983.9864;8161.067;366.7793;63.958414;0.72500279
138250;138250;295.0626;7035.3249;1023.9696;8059.2945;216.93077;64.077493;0.72096835
138500;138500;301.64879;7192.3629;938.60423;8130.9671;683.21323;64.070139;0.72121662
138750;138750;299.35596;7137.6938;1103.3441;8241.0378;473.49082;64.087615;0.7206268
139000;139000;296.31157;7065.1049;986.75957;8051.8645;350.6072;64.141886;0.71879915
139250;139250;305.79029;7291.1106;970.61452;8261.7251;282.24644;64.014357;0.72310367
139500;139500;298.36922;7114.1664;951.28818;8065.4546;276.61954;64.053732;0.72177098
139750;139750;294.91698;7031.8529;1034.8784;8066.7313;-36.289065;64.096996;0.72031042
140000;140000;299.95321;7151.9342;940.56895;8092.5032;519.49347;64.002339;0.72351111
140250;140250;300.11776;7155.8576;852.18562;8008.0433;538.98877;64.015233;0.723074
140500;140500;295.60415;7048.2374;973.87757;8022.115;163.70778;64.00077;0.72356431
140750;140750;300.92912;7175.2034;989.84359;8165.047;438.61694;64.0045;0.72343781
141000;141000;297.74867;7099.3703;882.1791;7981.5494;73.480011;63.960867;0.72491939
141250;141250;299.8375;7149.1753;1001.5724;8150.7477;313.26372;63.917032;0.72641187
141500;141500;294.423;7020.0746;929.98408;7950.0586;162.23894;64.106931;0.7199756
141750;141750;299.97292;7152.4042;1016.2911;8168.6953;284.35234;64.012952;0.7231513
142000;142000;296.66547;7073.5429;964.2037;8037.7466;120.46037;63.917377;0.7264001
142250;142250;294.92142;7031.9587;946.67773;7978.6364;254.34189;63.948998;0.72532308
142500;142500;299.93409;7151.4783;886.62739;8038.1057;59.258186;64.021109;0.72287491
142750;142750;296.70486;7074.4822;937.40765;8011.8898;185.01602;64.025673;0.72272034
143000;143000;298.46129;7116.3615;1041.7974;8158.159;175.62463;63.994544;0.72377553
143250;143250;297.97964;7104.8775;851.11548;7955.993;102.087;64.070898;0.72119102
143500;143500;296.93993;7080.087;1010.437;8090.524;484.66121;64.073411;0.72110617
143750;143750;297.78739;7100.2936;1014.915;8115.2087;346.22155;64.044555;0.72208131
144000;144000;297.00222;7081.5724;857.90249;7939.4749;505.27811;63.986417;0.72405134
144250;144250;299.17372;7133.3486;938.24735;8071.5959;304.29004;64.020778;0.72288614
144500;144500;292.43685;6972.7179;989.39394;7962.1118;105.79989;64.074922;0.72105515
144750;144750;298.43935;7115.8386;1047.4581;8163.2966;429.7238;64.020141;0.72290772
145000;145000;297.98043;7104.8962;842.40605;7947.3023;493.14435;63.910534;0.72663345
145250;145250;299.90468;7150.777;940.04809;8090.8251;560.35887;63.983295;0.72415733
145500;145500;302.34482;7208.9586;1126.7889;8335.7474;247.94756;64.106334;0.71999569
145750;145750;297.78599;7100.2602;1005.9093;8106.1695;-57.391458;64.055945;0.72169616
146000;146000;299.68392;7145.5134;837.4257;7982.9391;-107.89264;63.885492;0.72748827
146250;146250;293.34879;6994.4618;963.46913;7957.9309;454.22018;63.882957;0.7275749
146500;146500;297.08986;7083.6619;1004.6918;8088.3537;269.00964;64.011742;0.72319231
146750;146750;297.4271;7091.7028;892.00896;7983.7118;435.37799;64.002884;0.7234926
147000;147000;298.56192;7118.761;932.40344;8051.1644;233.10913;63.882709;0.72758336
147250;147250;301.69848;7193.5476;841.81164;8035.3593;101.37955;63.967006;0.72471067
147500;147500;298.48447;7116.9143;929.8828;8046.7971;16.450268;64.047002;0.72199852
147750;147750;297.07011;7083.1909;1085.2857;8168.4767;22.646627;64.054389;0.72174876
148000;148000;291.67107;6954.459;981.41118;7935.8701;13.034402;64.043792;0.72210709
148250;148250;299.74232;7146.9058;947.7242;8094.63;190.71953;63.901449;0.72694341
148500;148500;293.78814;7004.9375;854.22677;7859.1642;-73.252728;63.910695;0.72662799
148750;148750;298.87236;7126.1629;918.54329;8044.7062;431.22948;63.989067;0.72396137
149000;149000;296.0518;7058.9111;1048.0792;8106.9903;264.04714;63.974991;0.72443935
149250;149250;296.46188;7068.6887;944.07009;8012.7588;321.59864;63.986932;0.72403385
149500;149500;296.98865;7081.2487;915.64571;7996.8944;330.80389;63.954387;0.72513976
149750;149750;298.45925;7116.3131;916.1041;8032.4172;458.52356;63.867595;0.72810003
150000;150000;295.6534;7049.4116;912.78551;7962.1971;402.00689;63.912726;0.72655872
150250;150250;301.5715;7190.5198;1024.1107;8214.6305;196.33771;63.97179;0.7245481
150500;150500;299.52693;7141.7703;940.69083;8082.4612;248.05945;64.00362;0.72346765
150750;150750;299.50034;7141.1362;978.60986;8119.746;73.859238;64.027947;0.72264334
151000;151000;301.51082;7189.0731;1015.486;8204.5592;193.0258;64.008999;0.7232853
151250;151250;297.77439;7099.9836;940.88071;8040.8643;315.97849;64.032678;0.72248316
151500;151500;302.44305;7211.3007;991.91162;8203.2123;428.44505;64.023775;0.72278462
151750;151750;299.27362;7135.7304;958.97215;8094.7025;315.30048;64.031584;0.7225202
152000;152000;298.364;7114.0418;969.40609;8083.4479;224.61711;63.999557;0.72360547
152250;152250;298.21256;7110.431;1028.8701;8139.3011;62.042396;63.930704;0.72594592
152500;152500;297.10001;7083.9039;908.99562;7992.8995;17.166439;63.898371;0.72704848
152750;152750;297.25047;7087.4914;934.2753;8021.7667;-25.66765;63.932622;0.7258806
153000;153000;303.91007;7246.2796;985.76931;8232.0489;204.46488;64.035835;0.72237633
153250;153250;297.68627;7097.8824;1045.0868;8142.9691;-29.472825;64.02745;0.72266015
153500;153500;294.77649;7028.5032;1012.5772;8041.0804;277.3227;63.947423;0.72537669
153750;153750;297.14816;7085.0521;906.95418;7992.0063;392.65089;64.016799;0.72302095
154000;154000;300.19794;7157.7695;1064.5066;8222.2761;296.26053;64.126497;0.71931678
154250;154250;297.23314;7087.0784;938.32828;8025.4066;403.22238;63.996055;0.72372424
154500;154500;295.12863;7036.8993;993.47789;8030.3772;425.23747;63.837223;0.72913974
154750;154750;295.16747;7037.8255;945.11322;7982.9387;103.08685;63.961189;0.72490844
155000;155000;297.63366;7096.628;1006.556;8103.184;305.47036;63.948332;0.72534573
155250;155250;293.42027;6996.166;922.85038;7919.0164;381.14676;63.907861;0.72672465
155500;155500;301.46597;7188.0037;929.93451;8117.9382;154.89176;63.885494;0.72748822
155750;155750;295.70983;7050.7571;866.00641;7916.7635;137.91748;63.850624;0.72868074
156000;156000;301.10057;7179.2912;834.66239;8013.9536;31.499721;63.772852;0.73134991
156250;156250;298.40255;7114.9611;997.06227;8112.0234;374.82321;63.813351;0.72995837
156500;156500;293.98744;7009.6895;914.75373;7924.4432;268.275;63.937582;0.72571166
156750;156750;303.48953;7236.2524;886.81025;8123.0627;229.87632;63.828391;0.72944248
157000;157000;294.05726;7011.3542;889.41842;7900.7726;327.03209;63.745906;0.73227775
157250;157250;301.77377;7195.3427;859.80184;8055.1446;103.56838;63.841031;0.72900928
157500;157500;292.57652;6976.0482;884.48333;7860.5315;99.482118;63.860306;0.72834936
157750;157750;297.76864;7099.8465;963.96618;8063.8127;329.03456;63.800856;0.7303873
158000;158000;295.30774;7041.17;798.04477;7839.2148;312.81324;63.782077;0.73103263
158250;158250;297.89776;7102.9252;791.48489;7894.4101;289.77442;63.789156;0.73078928
158500;158500;298.75381;7123.3364;931.92079;8055.2572;409.16181;63.77561;0.73125505
158750;158750;294.49222;7021.7252;832.31122;7854.0364;-2.3230712;63.834116;0.72924621
159000;159000;298.63292;7120.4538;886.47368;8006.9275;124.00851;63.823065;0.72962511
159250;159250;304.41721;7258.3716;946.81472;8205.1863;93.405222;63.868065;0.72808395
159500;159500;296.51178;7069.8786;928.06907;7997.9476;97.242358;63.970548;0.72459031
159750;159750;299.59255;7143.3349;989.75972;8133.0946;353.25475;63.902156;0.72691929
160000;160000;301.81177;7196.2488;930.3898;8126.6386;456.66922;63.827068;0.72948783
160250;160250;294.42891;7020.2156;901.8777;7922.0933;358.7001;63.790478;0.73074385
160500;160500;300.97934;7176.4007;975.55963;8151.9604;142.77964;63.849579;0.72871653
160750;160750;300.90899;7174.7233;825.59247;8000.3158;-12.995661;63.863309;0.72824663
161000;161000;298.91257;7127.1217;915.82623;8042.948;345.52259;63.746529;0.73225629
161250;161250;296.93656;7080.0067;924.06988;8004.0766;552.92532;63.884141;0.72753445
161500;161500;296.67587;7073.791;868.5086;7942.2996;528.06421;63.899357;0.72701483
161750;161750;296.9353;7079.9766;1029.3003;8109.2769;726.48719;63.804275;0.73026989
162000;162000;300.60285;7167.4239;825.31059;7992.7345;373.86904;63.904819;0.72682844
162250;162250;300.43008;7163.3045;895.45832;8058.7628;233.7457;63.86385;0.72822812
162500;162500;301.13047;7180.0042;1004.8169;8184.8211;111.64152;63.86951;0.72803455
162750;162750;294.55015;7023.1063;925.56421;7948.6705;124.62197;63.888466;0.72738669
163000;163000;302.58517;7214.6895;917.24833;8131.9378;247.08781;63.786898;0.73086687
163250;163250;296.57132;7071.2981;811.44781;7882.7459;288.50328;63.781985;0.73103581
163500;163500;300.77392;7171.5029;864.97637;8036.4793;244.41438;63.792719;0.73066683
163750;163750;291.43165;6948.7504;854.18493;7802.9354;261.8445;63.816724;0.72984261
164000;164000;297.94861;7104.1376;867.58179;7971.7194;517.29797;63.841149;0.72900524
164250;164250;299.80794;7148.4705;947.32325;8095.7938;386.97497;63.858296;0.72841815
164500;164500;294.89074;7031.2272;844.40843;7875.6356;512.17485;63.818006;0.72979862
164750;164750;299.78015;7147.8078;888.49482;8036.3027;309.59505;63.769394;0.73146889
165000;165000;297.52219;7093.9702;917.96431;8011.9345;114.37664;63.97415;0.72446791
165250;165250;301.73731;7194.4735;1105.6972;8300.1707;-1.2082905;64.145583;0.71867488
165500;165500;297.3191;7089.1278;1099.7576;8188.8854;305.29056;63.967391;0.72469759
165750;165750;292.25538;6968.391;999.5209;7967.9119;191.18912;63.914748;0.72648976
166000;166000;300.23188;7158.5787;989.78;8148.3587;558.18704;63.9295;0.72598696
166250;166250;300.24178;7158.8148;918.13294;8076.9478;800.13129;64.030557;0.72255496
166500;166500;297.45572;7092.3852;1057.1201;8149.5054;449.77643;64.164837;0.71802812
166750;166750;302.22587;7206.1224;946.92262;8153.045;268.97741;64.057274;0.72165128
167000;167000;300.02319;7153.6028;823.18091;7976.7837;257.6136;63.862495;0.72827447
167250;167250;292.53092;6974.9609;851.56291;7826.5239;122.32798;63.882084;0.72760472
167500;167500;301.18299;7181.2566;938.61931;8119.8759;-264.11945;64.083236;0.72077453
167750;167750;296.55972;7071.0214;993.41595;8064.4374;266.23882;64.093954;0.72041301
168000;168000;296.04466;7058.7406;920.69249;7979.4331;220.75427;64.011556;0.7231986
168250;168250;299.69439;7145.7631;921.00678;8066.7699;755.6451;63.940459;0.72561371
168500;168500;297.29997;7088.6717;964.62438;8053.2961;402.13233;63.993414;0.72381387
168750;168750;294.80334;7029.1434;1025.7652;8054.9085;457.07242;64.023034;0.72280971
169000;169000;296.20745;7062.6221;951.20756;8013.8297;135.86331;63.994195;0.72378734
169250;169250;302.61775;7215.4662;926.78397;8142.2502;214.13089;63.965214;0.72477159
169500;169500;293.82062;7005.7118;945.24544;7950.9572;258.83431;64.0639;0.72142736
169750;169750;297.22276;7086.8309;987.40968;8074.2405;335.77196;64.126336;0.71932219
170000;170000;299.90307;7150.7387;1155.389;8306.1277;343.82884;64.103332;0.72009686
170250;170250;298.10289;7107.816;1021.0182;8128.8343;228.97205;64.078755;0.72092576
170500;170500;295.03737;7034.7234;928.80493;7963.5283;107.5392;64.035311;0.72239405
170750;170750;296.61691;7072.3851;1005.6975;8078.0826;-75.142044;64.079554;0.72089878
171000;171000;297.37405;7090.4379;1039.165;8129.603;304.68491;64.179715;0.71752886
171250;171250;296.33568;7065.6797;946.28545;8011.9652;336.28201;64.123004;0.71943433
171500;171500;299.30818;7136.5545;1034.4066;8170.9611;197.06424;64.029873;0.72257814
171750;171750;296.29414;7064.6892;1002.5255;8067.2147;-17.593385;64.104867;0.72004515
172000;172000;302.82912;7220.5061;1030.0764;8250.5825;-29.41496;64.120928;0.71950419
172250;172250;297.63229;7096.5955;957.97476;8054.5702;116.98459;64.08377;0.72075651
172500;172500;299.13061;7132.3206;1019.7074;8152.028;359.22855;64.090616;0.72052555
172750;172750;301.76625;7195.1634;943.97066;8139.134;481.26779;64.090285;0.72053673
173000;173000;297.88605;7102.6459;987.65396;8090.2998;828.18212;64.000871;0.72356088
173250;173250;301.0051;7177.015;915.73238;8092.7474;661.31991;64.022998;0.72281092
173500;173500;295.73178;7051.2805;996.9127;8048.1932;214.78346;64.122527;0.71945038
173750;173750;299.45096;7139.9588;970.6813;8110.6401;196.03109;64.044685;0.7220769
174000;174000;295.55608;7047.0914;874.94691;7922.0383;343.10354;63.946762;0.72539918
174250;174250;297.74415;7099.2626;989.52025;8088.7828;347.0211;63.944886;0.72546301
174500;174500;297.5314;7094.1898;928.49451;8022.6843;239.9139;64.065555;0.72137147
174750;174750;299.01586;7129.5846;1027.852;8157.4366;273.4292;64.039084;0.72226639
175000;175000;294.64367;7025.3362;948.65953;7973.9958;180.03986;64.04812;0.72196072
175250;175250;302.58817;7214.7608;943.30062;8158.0615;222.88397;64.10472;0.72005011
175500;175500;295.43201;7044.133;874.92818;7919.0612;394.4332;64.015798;0.72305484
175750;175750;298.99742;7129.1447;924.70389;8053.8486;514.09988;63.899865;0.72699751
176000;176000;297.38174;7090.6214;852.45331;7943.0748;419.85578;64.02603;0.72270824
176250;176250;298.7366;7122.9261;996.39176;8119.3178;103.41558;64.078512;0.72093396
176500;176500;291.65691;6954.1214;1048.1018;8002.2232;222.24891;64.035111;0.72240084
176750;176750;297.06541;7083.079;936.32764;8019.4067;231.31558;63.979187;0.72429683
177000;177000;297.9677;7104.5926;918.64709;8023.2397;264.29618;64.015293;0.72307197
177250;177250;297.95776;7104.3558;943.37004;8047.7258;112.47469;64.136001;0.71899703
177500;177500;297.58055;7095.3617;1078.777;8174.1387;98.80029;64.267927;0.71457837
177750;177750;297.37311;7090.4156;1023.6949;8114.1105;455.80372;64.077299;0.7209749
178000;178000;295.66195;7049.6156;932.56594;7982.1815;438.06414;63.938755;0.72567175
178250;178250;303.13514;7227.8026;962.42715;8190.2298;477.83566;64.026341;0.72269772
178500;178500;297.54144;7094.4293;960.33061;8054.7599;589.64042;64.089421;0.72056588
178750;178750;299.30341;7136.4407;1045.1651;8181.6058;455.57406;64.085467;0.72069927
179000;179000;298.67291;7121.4073;841.66667;7963.074;225.13521;64.039827;0.72224123
179250;179250;301.70852;7193.787;872.72355;8066.5106;155.43813;63.99799;0.7236586
179500;179500;295.03789;7034.7358;925.14739;7959.8832;332.92593;63.941888;0.72556508
179750;179750;301.32897;7184.7372;916.58334;8101.3205;323.60265;64.005067;0.72341859
180000;180000;293.77813;7004.6988;910.19047;7914.8893;110.21891;64.110456;0.71985685
180250;180250;300.99383;7176.7462;963.76227;8140.5085;119.54027;63.981921;0.72420399
180500;180500;298.81607;7124.8208;810.77524;7935.596;319.61266;63.832896;0.72928802
180750;180750;299.00879;7129.416;816.28624;7945.7023;243.10907;63.916883;0.72641695
181000;181000;296.87548;7078.5504;1118.7445;8197.2949;619.48053;64.056932;0.72166284
181250;181250;298.79982;7124.4334;945.0897;8069.5232;165.75803;64.171787;0.71779486
181500;181500;302.27937;7207.3979;1022.0006;8229.3986;312.84392;64.04224;0.72215961
181750;181750;301.31877;7184.4939;836.74533;8021.2392;513.17783;63.905212;0.726815
182000;182000;298.02545;7105.9696;895.7532;8001.7228;484.59473;63.958058;0.72501491
182250;182250;297.60217;7095.8773;978.33649;8074.2137;292.19419;64.069014;0.72125462
182500;182500;303.16041;7228.4051;959.92233;8188.3274;92.223784;63.96027;0.72493967
182750;182750;299.08573;7131.2506;853.16323;7984.4138;-310.0002;63.873861;0.72788578
183000;183000;303.23497;7230.1829;872.41306;8102.596;36.933894;63.888176;0.72739659
183250;183250;298.03503;7106.1982;962.97992;8069.1781;95.022356;63.924755;0.72614862
183500;183500;297.15134;7085.1278;908.54347;7993.6713;750.29536;63.845537;0.72885493
183750;183750;300.58294;7166.9491;923.52007;8090.4692;579.01657;63.872461;0.72793362
184000;184000;295.51058;7046.0064;901.94847;7947.9549;525.39897;63.972991;0.72450729
184250;184250;299.04538;7130.2883;1057.4149;8187.7033;323.44198;64.01671;0.72302395
184500;184500;292.58142;6976.165;953.55067;7929.7157;98.885957;64.014247;0.7231074
184750;184750;296.55481;7070.9046;955.45392;8026.3585;95.698076;63.847205;0.72879782
185000;185000;300.45299;7163.8507;826.59699;7990.4477;178.2651;63.875044;0.72784531
185250;185250;298.98146;7128.7643;924.59333;8053.3576;21.636582;63.90206;0.72692258
185500;185500;300.34074;7161.1743;886.38002;8047.5544;412.38232;63.862981;0.72825784
185750;185750;293.80034;7005.2282;981.84532;7987.0735;378.32376;63.923452;0.72619302
186000;186000;301.79297;7195.8005;971.98959;8167.7901;281.59482;63.934009;0.72583335
186250;186250;299.33953;7137.3019;958.62624;8095.9282;141.76722;63.894541;0.72717923
186500;186500;298.82263;7124.9773;857.83967;7982.817;161.89361;63.821304;0.72968549
186750;186750;295.67668;7049.9668;915.94874;7965.9155;146.44478;63.965067;0.72477659
187000;187000;297.45601;7092.3923;1075.7161;8168.1083;485.44427;64.013347;0.72313792
187250;187250;293.88407;7007.2246;927.15455;7934.3792;761.24454;63.922019;0.72624186
187500;187500;296.09615;7059.9685;909.30321;7969.2717;641.79809;63.843015;0.7289413
187750;187750;299.51232;7141.4219;910.29321;8051.7151;381.10493;63.804526;0.73026129
188000;188000;297.99315;7105.1996;991.97879;8097.1784;-25.182243;64.014972;0.72308285
188250;188250;295.40792;7043.5586;956.73582;8000.2944;123.13698;63.992609;0.72384117
188500;188500;297.39777;7091.0036;1001.1561;8092.1597;265.68772;63.824483;0.72957647
188750;188750;298.00549;7105.4938;888.78071;7994.2745;49.377547;63.984953;0.72410104
189000;189000;297.60511;7095.9472;1104.7774;8200.7246;7.9646105;64.115308;0.71969341
189250;189250;293.75068;7004.0442;987.20169;7991.2459;159.02857;63.985238;0.72409136
189500;189500;298.26076;7111.5804;949.28854;8060.869;402.0319;63.847377;0.72879194
189750;189750;293.33481;6994.1284;930.76842;7924.8969;187.12017;63.89915;0.72702189
190000;190000;294.77809;7028.5414;947.75367;7976.295;652.61222;63.927565;0.72605286
190250;190250;306.66116;7311.8752;813.01331;8124.8885;549.65492;63.910903;0.72662088
190500;190500;296.60109;7072.0079;855.08595;7927.0938;537.02452;63.911382;0.72660453
190750;190750;298.46082;7116.3505;926.86697;8043.2174;535.87805;63.957269;0.72504172
191000;191000;306.73412;7313.6149;804.10965;8117.7245;518.37588;63.978586;0.72431723
191250;191250;298.18719;7109.8261;843.16517;7952.9912;322.20545;63.862212;0.72828417
191500;191500;297.78162;7100.1558;876.56916;7976.725;19.904235;63.802823;0.73031977
191750;191750;299.94881;7151.8293;818.98094;7970.8103;18.857823;63.867107;0.7281167
192000;192000;300.5765;7166.7958;970.05987;8136.8556;233.38816;63.959768;0.72495674
192250;192250;296.32975;7065.5383;958.25576;8023.794;379.16439;63.999106;0.72362074
192500;192500;298.50281;7117.3517;955.43423;8072.7859;368.0209;63.888637;0.72738085
192750;192750;299.88546;7150.319;953.21779;8103.5367;554.43192;63.853095;0.72859615
193000;193000;298.64905;7120.8385;837.24347;7958.082;391.44989;63.989228;0.72395592
193250;193250;298.3438;7113.5603;1041.9874;8155.5477;266.60845;64.000664;0.7235679
193500;193500;295.7577;7051.8986;968.2995;8020.198;74.118943;64.044351;0.72208821
193750;193750;299.45535;7140.0635;1060.7071;8200.7706;-29.979309;64.108896;0.7199094
194000;194000;294.6338;7025.101;1055.3468;8080.4478;184.07724;64.131748;0.71914011
194250;194250;302.2275;7206.1613;1047.1456;8253.3069;330.78674;64.027708;0.72265145
194500;194500;296.83267;7077.5296;977.59771;8055.1273;596.99912;63.952478;0.7252047
194750;194750;295.00304;7033.9049;957.66251;7991.5674;261.61762;63.962927;0.72484935
195000;195000;298.98746;7128.9074;819.10135;7948.0087;352.49511;63.910226;0.72664399
195250;195250;300.49185;7164.7773;963.40863;8128.1859;-9.4077718;64.09237;0.7204664
195500;195500;294.27008;7016.4285;909.18941;7925.6179;-94.611174;64.209926;0.71651655
195750;195750;300.70512;7169.8624;952.33763;8122.2;469.42988;63.91415;0.72651013
196000;196000;296.08455;7059.6919;888.98362;7948.6756;181.21877;63.928806;0.72601059
196250;196250;298.20859;7110.3364;1071.0409;8181.3773;164.10265;64.005567;0.72340162
196500;196500;296.46865;7068.8502;914.30997;7983.1601;-19.105706;64.013934;0.72311803
196750;196750;302.67783;7216.8988;929.94617;8146.8449;166.28668;63.971732;0.72455009
197000;197000;294.35106;7018.3594;1040.3421;8058.7015;124.46508;64.048805;0.72193757
197250;197250;294.79732;7028.9997;967.56926;7996.5689;145.54862;64.002127;0.7235183
197500;197500;300.43407;7163.3996;894.53554;8057.9352;587.13754;63.906382;0.72677512
197750;197750;296.5889;7071.7173;889.28383;7961.0011;391.27738;63.938856;0.7256683
198000;198000;298.73843;7122.9697;908.95902;8031.9287;475.3434;63.883501;0.7275563
198250;198250;297.2028;7086.3548;939.67054;8026.0254;89.461549;63.87886;0.72771488
198500;198500;297.82947;7101.2969;994.33242;8095.6293;105.76565;63.98563;0.72407807
198750;198750;295.22603;7039.2218;1001.6673;8040.8892;13.076708;63.9629;0.72485027
199000;199000;299.8895;7150.4153;839.23036;7989.6456;351.4455;63.810756;0.73004741
199250;199250;300.38771;7162.2943;831.28747;7993.5818;374.7797;63.824405;0.72957915
199500;199500;296.09576;7059.9591;875.74837;7935.7074;342.65101;63.940246;0.72562097
199750;199750;298.92891;7127.5114;988.60771;8116.1191;346.70115;63.91147;0.72660153
200000;200000;298.10804;7107.9388;872.87049;7980.8093;249.33624;63.909538;0.72666744
200250;200250;299.20135;7134.0073;888.26718;8022.2744;365.90933;63.877026;0.72777757
200500;200500;299.76014;7147.3307;945.41338;8092.744;-20.745303;63.969617;0.72462194
200750;200750;294.43102;7020.2658;933.87858;7954.1444;314.01077;64.045006;0.72206603
201000;201000;298.49659;7117.2032;1037.5448;8154.748;369.02377;63.998503;0.72364122
201250;201250;298.77478;7123.8363;850.14507;7973.9814;400.20841;63.921867;0.72624706
201500;201500;295.16193;7037.6933;857.21445;7894.9077;525.78807;63.870526;0.72799978
201750;201750;299.37239;7138.0854;915.46463;8053.55;477.69008;63.925995;0.72610637
202000;202000;298.72911;7122.7475;1022.2863;8145.0338;43.077663;64.05575;0.72170276
202250;202250;294.81959;7029.5309;945.82008;7975.351;177.69228;63.990828;0.7239016
202500;202500;302.52581;7213.2739;984.29509;8197.569;84.19076;63.978;0.72433714
202750;202750;294.65679;7025.649;999.33693;8024.9859;83.443278;64.038495;0.72228632
203000;203000;302.76312;7218.9323;978.91974;8197.8521;101.79339;64.062214;0.72148433
203250;203250;298.66576;7121.237;965.61019;8086.8472;508.03173;63.944619;0.7254721
203500;203500;293.63885;7001.3779;924.51959;7925.8975;587.53571;63.996414;0.72371206
203750;203750;300.89122;7174.2996;977.15084;8151.4505;471.14956;64.032508;0.72248894
204000;204000;302.91065;7222.45;913.85477;8136.3047;237.29952;64.095844;0.72034927
204250;204250;294.92218;7031.9768;1059.4696;8091.4464;-151.03702;64.071737;0.72116266
204500;204500;293.94109;7008.5843;921.83523;7930.4195;101.99554;63.96527;0.72476969
204750;204750;301.96468;7199.8948;938.40198;8138.2968;89.855162;63.973256;0.72449828
205000;205000;294.38855;7019.2532;998.75343;8018.0067;126.68126;64.073644;0.72109828
205250;205250;299.64113;7144.4931;1091.7381;8236.2312;421.73738;64.010039;0.72325002
205500;205500;297.44365;7092.0975;989.47272;8081.5703;473.58427;64.07296;0.72112139
205750;205750;297.1167;7084.3019;1029.4554;8113.7573;480.85562;64.086666;0.72065881
206000;206000;299.69113;7145.6853;1111.7193;8257.4046;412.39425;64.080624;0.72086268
206250;206250;295.7786;7052.3969;1060.3703;8112.7671;63.792296;64.148429;0.71857924
206500;206500;302.16423;7204.6527;1104.6871;8309.3398;104.73238;64.194209;0.71704295
206750;206750;300.6988;7169.7118;911.57087;8081.2827;105.29773;64.017043;0.72301266
207000;207000;296.50444;7069.7036;867.25104;7936.9546;438.68305;63.852845;0.72860473
207250;207250;297.6394;7096.765;1060.9157;8157.6806;249.77029;63.981596;0.724215
207500;207500;293.5647;6999.6097;915.6976;7915.3073;232.73031;64.088119;0.72060977
207750;207750;300.80499;7172.2438;1013.0927;8185.3365;248.69639;64.01886;0.7229511
208000;208000;297.1577;7085.2795;908.39533;7993.6749;76.154581;63.940568;0.72561
208250;208250;298.01811;7105.7946;907.30102;8013.0957;211.25064;63.908511;0.72670247
208500;208500;298.73183;7122.8121;975.11754;8097.9297;71.825672;64.020103;0.72290901
208750;208750;299.03562;7130.0556;1071.7736;8201.8292;34.263208;64.058116;0.72162281
209000;209000;301.11976;7179.7489;814.29856;7994.0475;199.89394;63.917503;0.7263958
209250;209250;299.97184;7152.3784;916.29675;8068.6751;401.81867;63.844828;0.72887924
209500;209500;289.81368;6910.1724;1011.4545;7921.6268;240.97949;63.963648;0.72482482
209750;209750;299.18683;7133.6611;1000.8362;8134.4973;306.35447;63.990796;0.7239027
210000;210000;296.63344;7072.7793;960.94747;8033.7267;230.07115;63.991514;0.72387833
210250;210250;293.90316;7007.68;840.74751;7848.4275;465.30768;63.87938;0.72769711
210500;210500;299.30997;7136.5971;942.82414;8079.4213;377.96901;63.87233;0.7279381
210750;210750;294.05674;7011.3418;943.91576;7955.2575;453.97879;64.013413;0.72313567
211000;211000;297.5399;7094.3925;1027.8105;8122.203;370.43509;64.07365;0.72109807
211250;211250;296.54718;7070.7226;835.37832;7906.1009;268.02209;63.954873;0.72512321
211500;211500;298.95241;7128.0718;846.99009;7975.0618;725.43917;63.783178;0.73099476
211750;211750;298.23472;7110.9594;801.69098;7912.6504;199.49628;63.915462;0.72646541
212000;212000;296.67809;7073.844;1018.6964;8092.5403;135.08803;63.995018;0.72375942
212250;212250;298.62483;7120.2611;777.59194;7897.8531;-56.518387;63.997213;0.72368497
212500;212500;298.70913;7122.2711;1015.8208;8138.0919;22.684007;63.934395;0.7258202
212750;212750;292.57762;6976.0744;938.97839;7915.0528;77.229061;64.014871;0.72308626
213000;213000;297.90179;7103.0212;845.54448;7948.5657;368.75739;63.933482;0.72585129
213250;213250;301.24283;7182.6832;895.21948;8077.9027;427.60333;63.925081;0.72613751
213500;213500;292.117;6965.0916;928.54723;7893.6388;223.54016;63.991737;0.72387076
213750;213750;298.72815;7122.7245;969.21016;8091.9347;277.32365;63.983845;0.72413865
214000;214000;295.19842;7038.5634;866.57126;7905.1346;96.888814;63.938369;0.72568487
214250;214250;295.02941;7034.5336;1019.4175;8053.9511;241.88075;63.962373;0.72486817
214500;214500;297.80052;7100.6066;1025.5306;8126.1371;260.84687;64.087414;0.72063357
214750;214750;300.32421;7160.7803;882.98424;8043.7645;419.23135;64.077998;0.72095131
215000;215000;298.12728;7108.3977;986.19234;8094.59;414.92208;63.848585;0.72875056
215250;215250;292.93878;6984.6857;839.87016;7824.5558;-33.773601;63.945159;0.72545372
215500;215500;300.40275;7162.6527;898.57362;8061.2264;-87.722109;63.967501;0.72469387
215750;215750;300.54726;7166.0984;912.48155;8078.58;50.569398;63.926747;0.72608074
216000;216000;293.78879;7004.9529;916.41632;7921.3693;214.40549;63.933015;0.72586719
216250;216250;300.04593;7154.145;973.11563;8127.2606;294.11753;63.958611;0.7249961
216500;216500;297.80852;7100.7973;948.24735;8049.0447;303.90777;64.052019;0.72182889
216750;216750;302.88575;7221.8563;1069.4791;8291.3354;134.36388;64.048141;0.72196003
217000;217000;295.4745;7045.1461;1004.4648;8049.6109;166.97526;63.988839;0.72396911
217250;217250;304.34751;7256.7098;838.91911;8095.6289;256.30262;63.940918;0.7255981
217500;217500;294.65814;7025.6812;863.66018;7889.3413;199.19725;63.925149;0.72613519
217750;217750;298.15966;7109.1698;1019.4355;8128.6053;326.35486;64.005181;0.72341473
218000;218000;297.27853;7088.1605;1048.1652;8136.3257;141.43239;64.105459;0.72002519
218250;218250;298.60346;7119.7516;1019.8151;8139.5666;130.75128;64.0097;0.72326153
218500;218500;296.99764;7081.4631;880.10437;7961.5674;-51.697626;63.901654;0.72693642
218750;218750;298.55132;7118.5082;1034.0128;8152.521;-359.65178;63.956862;0.72505557
219000;219000;296.70679;7074.5283;935.0001;8009.5284;36.278504;63.902545;0.72690602
219250;219250;302.40229;7210.3289;914.85827;8125.1871;377.88;63.862286;0.72828163
219500;219500;296.04285;7058.6976;903.17196;7961.8696;660.69425;63.936937;0.72573363
219750;219750;301.73576;7194.4364;906.15158;8100.5879;322.55697;63.897164;0.7270897
220000;220000;297.33737;7089.5634;902.61044;7992.1739;66.096775;63.765592;0.73159975
220250;220250;296.05274;7058.9334;803.26934;7862.2027;45.108155;63.768221;0.73150926
220500;220500;295.67224;7049.8609;995.95995;8045.8208;-108.60207;63.973534;0.72448884
220750;220750;296.63348;7072.7804;1068.627;8141.4074;59.743064;63.993123;0.72382372
221000;221000;298.5094;7117.5089;923.94394;8041.4528;517.35468;63.908062;0.72671779
221250;221250;298.70194;7122.0996;940.86595;8062.9656;632.03921;63.970288;0.72459915
221500;221500;297.77596;7100.021;937.46643;8037.4875;575.72109;63.988126;0.72399331
221750;221750;299.28011;7135.8853;876.31018;8012.1955;225.63738;63.888338;0.72739108
222000;222000;298.3829;7114.4926;955.92124;8070.4139;246.94849;63.918126;0.72637456
222250;222250;295.76963;7052.183;991.96554;8044.1485;199.82585;64.084333;0.72073751
222500;222500;297.8372;7101.4812;1090.043;8191.5242;524.86326;64.00407;0.72345238
222750;222750;295.63795;7049.0433;915.85877;7964.902;789.46668;63.963543;0.72482839
223000;223000;300.78717;7171.8189;959.20016;8131.019;385.42202;64.081038;0.7208487
223250;223250;293.16802;6990.1516;991.2237;7981.3753;116.51372;64.054954;0.72172966
223500;223500;299.68702;7145.5873;980.68235;8126.2697;-47.935994;63.90181;0.72693113
223750;223750;294.52631;7022.538;1027.7476;8050.2857;-125.75326;63.9762;0.7243983
224000;224000;297.23157;7087.0407;922.65068;8009.6914;-198.95737;64.058375;0.72161405
224250;224250;299.24232;7134.9842;1042.3779;8177.3621;249.51826;63.948481;0.72534066
224500;224500;297.66332;7097.3353;867.27521;7964.6105;342.8051;63.961681;0.72489169
224750;224750;299.93494;7151.4987;890.18624;8041.6849;636.34693;63.823979;0.72959374
225000;225000;296.19449;7062.3131;856.99293;7919.306;689.94741;63.801467;0.73036632
225250;225250;299.29951;7136.3478;890.05595;8026.4037;-65.096929;64.005072;0.72341842
225500;225500;295.70565;7050.6576;989.67904;8040.3366;154.32438;63.904272;0.72684711
225750;225750;293.02209;6986.6722;801.02575;7787.6979;317.37616;63.818254;0.72979012
226000;226000;297.02152;7082.0325;892.2889;7974.3214;497.99479;63.878796;0.72771707
226250;226250;297.54891;7094.6073;981.05236;8075.6596;449.80493;64.017687;0.72299084
226500;226500;302.52613;7213.2817;1026.6727;8239.9545;548.52931;64.038772;0.72227692
226750;226750;295.40687;7043.5336;971.98793;8015.5215;283.689;63.991552;0.72387705
227000;227000;306.12137;7299.0049;895.47683;8194.4817;425.86778;63.943154;0.72552198
227250;227250;296.48391;7069.214;865.59592;7934.8099;444.77801;63.938319;0.72568657
227500;227500;300.58386;7166.9712;954.21098;8121.1822;607.93847;63.875678;0.72782364
227750;227750;296.67116;7073.6787;846.94537;7920.624;548.11147;63.898874;0.72703131
228000;228000;301.25754;7183.034;902.14874;8085.1827;25.358888;63.982001;0.72420126
228250;228250;295.01672;7034.2311;842.49952;7876.7307;55.31705;63.855986;0.7284972
228500;228500;293.77371;7004.5934;1008.029;8012.6224;-0.97018565;63.803623;0.73029229
228750;228750;297.40904;7091.2722;847.82525;7939.0975;112.503;63.869355;0.72803985
229000;229000;291.92849;6960.5969;948.35368;7908.9506;147.40425;63.929501;0.7259869
229250;229250;300.14739;7156.5641;939.06067;8095.6248;429.82027;63.943695;0.72550355
229500;229500;296.55757;7070.9702;911.46561;7982.4358;672.71797;63.96217;0.72487507
229750;229750;296.94663;7080.2469;988.12187;8068.3687;286.2516;63.944613;0.72547232
230000;230000;298.64309;7120.6964;863.19696;7983.8934;223.302;63.822617;0.72964047
230250;230250;294.72476;7027.2697;892.1624;7919.4321;229.39601;63.743845;0.73234879
230500;230500;295.61024;7048.3825;917.86804;7966.2506;361.32259;63.919486;0.72632822
230750;230750;301.33874;7184.97;930.54059;8115.5106;84.532325;64.125354;0.71935522
231000;231000;294.72453;7027.2642;932.14562;7959.4098;490.89296;63.985631;0.72407802
231250;231250;296.89817;7079.0914;870.09906;7949.1904;586.3396;63.79026;0.73075134
231500;231500;295.68191;7050.0914;958.20411;8008.2955;86.865993;63.890467;0.72731836
231750;231750;303.0638;7226.1016;964.48322;8190.5848;-59.585895;64.010029;0.72325038
232000;232000;298.48343;7116.8896;924.60857;8041.4982;19.205801;63.953595;0.7251667
232250;232250;300.15262;7156.6888;809.10904;7965.7978;300.71856;63.820954;0.7296975
232500;232500;299.35987;7137.7869;772.65017;7910.437;475.10827;63.725408;0.73298462
232750;232750;298.67853;7121.5413;792.85485;7914.3962;415.71683;63.696637;0.7339783
233000;233000;302.28046;7207.4241;900.09767;8107.5217;46.822281;63.838444;0.72909791
233250;233250;299.43057;7139.4727;927.39193;8066.8646;130.85882;63.980813;0.72424161
233500;233500;292.71953;6979.4579;943.40261;7922.8605;138.98351;63.908696;0.72669616
233750;233750;298.51653;7117.6787;1015.4364;8133.1151;294.95342;63.847702;0.72878079
234000;234000;296.60947;7072.2077;855.92172;7928.1294;195.76497;63.866082;0.72815178
234250;234250;302.26854;7207.1399;878.84958;8085.9894;498.89512;63.846214;0.72883177
234500;234500;294.58181;7023.8613;929.23672;7953.098;465.58294;63.823441;0.7296122
234750;234750;294.811;7029.326;925.59238;7954.9184;273.70173;63.847007;0.72880458
235000;235000;302.65539;7216.3638;891.37014;8107.7339;298.35819;63.906293;0.72677813
235250;235250;294.47834;7021.3941;1005.0749;8026.469;-79.855139;64.009204;0.72327832
235500;235500;300.0371;7153.9345;949.23891;8103.1734;123.04562;63.961358;0.72490268
235750;235750;297.65641;7097.1705;938.08903;8035.2595;307.20438;63.848609;0.72874973
236000;236000;294.03366;7010.7913;974.81244;7985.6038;262.59752;63.929682;0.72598073
236250;236250;303.75776;7242.6481;879.03952;8121.6876;348.82721;63.938806;0.72567
236500;236500;295.66824;7049.7656;929.66135;7979.4269;459.0593;63.802906;0.7303169
236750;236750;297.76239;7099.6975;918.22214;8017.9197;171.53901;63.825258;0.7295499
237000;237000;297.82523;7101.1958;971.52244;8072.7183;-179.33176;63.99539;0.7237468
237250;237250;297.31917;7089.1294;950.6623;8039.7917;26.229677;63.89869;0.72703758
237500;237500;298.73892;7122.9812;774.30136;7897.2826;164.36301;63.772731;0.73135409
237750;237750;296.87707;7078.5884;779.88275;7858.4712;465.14526;63.742198;0.73240556
238000;238000;299.58312;7143.11;863.37244;8006.4824;336.06602;63.925277;0.72613084
238250;238250;296.84995;7077.9417;991.1301;8069.0718;386.28237;63.939029;0.72566241
238500;238500;295.85491;7054.2165;876.61106;7930.8275;71.086166;63.921405;0.72626278
238750;238750;304.84717;7268.6233;877.98815;8146.6115;201.76217;63.879935;0.72767817
239000;239000;296.14002;7061.0143;931.08282;7992.0972;129.79862;63.986585;0.72404563
239250;239250;298.86513;7125.9906;989.04442;8115.035;237.93901;63.961471;0.72489885
239500;239500;298.90253;7126.8824;961.98042;8088.8628;238.24404;63.946112;0.72542129
239750;239750;299.16772;7133.2055;840.77351;7973.979;231.83293;63.97887;0.72430759
240000;240000;299.24301;7135.0006;993.64072;8128.6414;559.305;63.929185;0.72599766
240250;240250;295.21373;7038.9284;981.7825;8020.7109;258.41868;64.093005;0.72044499
240500;240500;297.57262;7095.1726;961.1518;8056.3244;562.53043;64.012974;0.72315056
240750;240750;295.12661;7036.8511;975.48427;8012.3354;485.25726;63.866221;0.72814703
241000;241000;295.66529;7049.6952;978.00237;8027.6976;444.97632;64.045987;0.72203286
241250;241250;301.77189;7195.2979;915.14381;8110.4417;280.28495;64.024963;0.72274437
241500;241500;297.20608;7086.4331;811.7479;7898.181;479.79118;63.825278;0.72954921
241750;241750;297.57617;7095.2573;1041.6912;8136.9485;-76.772479;64.006297;0.72337689
242000;242000;292.12559;6965.2964;1053.5407;8018.837;-121.61573;64.176394;0.71764027
242250;242250;300.45421;7163.8798;1070.0938;8233.9736;87.510004;64.042978;0.72213464
242500;242500;298.99671;7129.128;918.23007;8047.358;50.783048;63.989637;0.72394204
242750;242750;302.57756;7214.508;895.564;8110.072;309.95323;63.999679;0.72360131
243000;243000;294.39496;7019.4062;1018.5817;8037.9879;521.70832;64.035736;0.72237966
243250;243250;297.80357;7100.6793;950.27678;8050.9561;473.05034;64.003632;0.72346726
243500;243500;296.18862;7062.1732;876.03912;7938.2123;735.13777;63.906301;0.72677785
243750;243750;300.80963;7172.3543;897.94605;8070.3004;487.57714;63.921677;0.72625352
244000;244000;295.70912;7050.7403;918.10998;7968.8503;166.90492;64.031874;0.7225104
244250;244250;299.08011;7131.1165;947.39153;8078.508;118.78339;64.049207;0.72192398
244500;244500;300.3243;7160.7822;950.40158;8111.1838;72.970595;64.025044;0.72274162
244750;244750;294.15519;7013.6893;910.43656;7924.1258;160.11349;63.988579;0.72397796
245000;245000;300.08526;7155.0827;966.94997;8122.0327;246.68403;63.976549;0.72438643
245250;245250;297.79567;7100.4909;966.55837;8067.0492;130.21456;63.973188;0.72450061
245500;245500;296.85942;7078.1674;926.84411;8005.0115;65.93701;63.949077;0.72532041
245750;245750;297.34336;7089.7064;926.76659;8016.473;213.50085;63.919483;0.72632832
246000;246000;295.93699;7056.1734;943.82626;7999.9997;440.27612;63.925543;0.72612176
246250;246250;298.78647;7124.1151;778.73662;7902.8517;89.307846;63.971285;0.72456525
246500;246500;300.40455;7162.6959;996.15218;8158.8481;415.01652;63.898737;0.72703598
246750;246750;295.32636;7041.614;941.5064;7983.1204;-209.01182;63.975661;0.7244166
247000;247000;305.93999;7294.68;978.73999;8273.42;225.90795;63.870966;0.72798476
247250;247250;298.53344;7118.0818;915.57606;8033.6579;330.71434;63.909403;0.72667203
247500;247500;295.48894;7045.4905;1047.0349;8092.5254;392.65199;64.047361;0.72198638
247750;247750;299.96633;7152.2471;979.59636;8131.8434;967.03044;63.959438;0.72496797
248000;248000;299.82007;7148.7598;896.19876;8044.9585;299.43292;63.957443;0.7250358
248250;248250;299.68415;7145.5189;960.33803;8105.8569;187.67118;63.982213;0.72419408
248500;248500;297.45079;7092.2677;911.78665;8004.0544;-13.844991;63.983678;0.72414434
248750;248750;304.18418;7252.8153;945.33731;8198.1526;249.87396;63.987937;0.72399975
249000;249000;299.65128;7144.7353;942.61374;8087.349;101.00925;63.967665;0.72468829
249250;249250;294.01855;7010.4312;820.11322;7830.5444;451.31581;63.918587;0.72635886
249500;249500;297.55316;7094.7087;866.07663;7960.7854;547.2456;63.760419;0.73177782
249750;249750;298.69692;7121.9799;957.2512;8079.2311;438.4269;63.852255;0.72862491
250000;250000;297.14833;7085.0562;898.33712;7983.3933;-143.73468;64.107296;0.7199633